Date,Close,High,Low,Open,Volume,Daily_Return,MA_5,MA_20
2023-01-02,3121.404541015625,3126.5728072808856,3096.2817059489025,3120.9739105745166,709547.0,0.00013797950686141242,,
2023-01-03,3169.16259765625,3177.4410780865114,3105.9487005610376,3112.3609596196798,1245178.0,0.01825033753267205,,
2023-01-04,3172.3203125,3184.4751670848154,3145.091989554534,3164.7117286890552,1231668.0,0.0024041949040636734,,
2023-01-05,3168.9228515625,3193.997787846409,3141.0244001124465,3187.202565398395,1826057.0,-0.0057353473652247055,,
2023-01-06,3073.647216796875,3159.782648381589,3062.593123012041,3158.2991581061674,2488376.0,-0.026803015506628836,3141.09150390625,
2023-01-09,3177.392822265625,3184.1401452290934,3082.8352022403087,3090.348220301996,2885060.0,0.028166599929351194,3152.28916015625,
2023-01-10,3145.283447265625,3156.385442223344,3091.401129522859,3143.9436560653985,3864655.0,0.00042614987633182656,3147.513330078125,
2023-01-11,3185.767333984375,3205.6742397055086,3130.6884538464096,3148.8249377845104,2720512.0,0.011732121324552565,3150.202734375,
2023-01-12,3191.174072265625,3206.1519723451543,3173.1812920774228,3186.0537062498565,2250391.0,0.0016071185509912178,3154.652978515625,
2023-01-13,3229.648193359375,3233.907065373371,3163.0845963477336,3199.357091750638,1742837.0,0.009467871431682564,3185.853173828125,
2023-01-16,3198.469970703125,3216.649316808273,3163.9339207761645,3182.113266881313,1843607.0,0.005140201636456122,3190.068603515625,
2023-01-17,3241.01611328125,3244.2779916443565,3185.950397624615,3194.584409542297,1688475.0,0.01453450520833328,3209.21513671875,
2023-01-18,3252.14501953125,3270.3243674144283,3235.116826582377,3242.55167139104,2421189.0,0.0029585798816567054,3222.490673828125,
2023-01-19,3235.931884765625,3249.26654305831,3224.3238415172664,3242.5512003357217,1585044.0,-0.0020413912259616197,3231.442236328125,
2023-01-20,3226.338623046875,3256.6054454598634,3219.143612797339,3228.161265291728,1529349.0,-0.0005646069372213271,3230.780322265625,
2023-01-23,3276.03173828125,3279.96510395405,3219.1433820231946,3250.225730387927,1067916.0,0.007939758661083231,3246.29267578125,
2023-01-24,3296.562255859375,3311.575751957274,3278.3348944615573,3285.7217256592053,1387863.0,0.003299284329379664,3257.401904296875,
2023-01-25,3290.27783203125,3295.3143386623933,3266.5343007701454,3286.008839919743,874110.0,0.0012991420046244602,3265.028466796875,
2023-01-27,3272.339111328125,3305.8678167184275,3244.758235027877,3286.6811201617334,1785879.0,-0.004363675181516426,3272.309912109375,
2023-01-30,3294.019287109375,3317.810832981695,3247.875431534741,3280.9244629816208,1953798.0,0.00399119951571637,3285.846044921875,3210.8927612304688
2023-01-31,3222.117431640625,3308.7454024736803,3214.730601243637,3308.7454024736803,2820375.0,-0.026181516041787506,3275.06318359375,3215.9284057617188
2023-02-01,3269.748779296875,3279.9656009819632,3218.5681752835585,3226.2428534958594,2205161.0,0.013485012683987462,3269.70048828125,3220.95771484375
2023-02-02,3319.681640625,3327.93201257701,3281.0206403021025,3287.639955924305,1813847.0,0.009746105148453402,3275.58125,3228.32578125
2023-02-03,3340.691650390625,3361.509168891985,3312.487066493937,3361.509168891985,1804469.0,-0.006192908439462025,3289.2517578125,3236.9142211914063
2023-02-06,3319.25,3331.9131710127504,3297.0895092808296,3331.9131710127504,1138714.0,-0.003800570531944962,3294.297900390625,3249.1943603515624
2023-02-07,3331.337890625,3350.9562391707004,3320.641167770868,3327.836178304444,1455647.0,0.0010522490089462059,3316.1419921875,3256.8916137695314
2023-02-08,3376.9541015625,3395.9487408609984,3336.6140314163167,3336.6140314163167,1986946.0,0.012090121831999801,3337.583056640625,3268.475146484375
2023-02-09,3396.86083984375,3403.336349971705,3362.756439660663,3372.0619407057225,1655427.0,0.007354224084281647,3353.018896484375,3279.029821777344
2023-02-10,3393.694580078125,3398.2994335691774,3365.4899988282914,3376.858208926897,1187821.0,0.0049858093261719175,3363.619482421875,3289.1558471679687
2023-02-13,3340.787109375,3404.6788949173124,3332.153096961854,3404.6788949173124,1087939.0,-0.01876587705163429,3367.926904296875,3294.71279296875
2023-02-14,3357.767822265625,3381.51135853098,3352.875121107725,3362.468469093727,1579818.0,-0.001397974991084133,3373.212890625,3302.677685546875
2023-02-15,3377.4814453125,3382.6139793803054,3319.4416989277843,3345.1999279918105,1429449.0,0.009650101044952723,3373.318359375,3309.5009521484376
2023-02-16,3413.36083984375,3429.621515993147,3383.5734508833093,3383.7652709787526,1618931.0,0.008746342164696577,3376.618359375,3317.5617431640626
2023-02-17,3358.77490234375,3394.98979062334,3348.078413132962,3382.7582720653327,1061369.0,-0.007089885765600302,3369.634423828125,3323.703894042969
2023-02-20,3345.488037109375,3378.776905261915,3333.7361867148666,3359.590210740269,1296082.0,-0.0041975874277198275,3370.574609375,3329.6613647460936
2023-02-21,3310.664306640625,3366.2096963964727,3304.668464300288,3351.915701942145,1139541.0,-0.012306811677160733,3361.15390625,3331.3929931640623
2023-02-22,3263.224853515625,3306.826566889277,3256.9411646617623,3276.079844250767,1218430.0,-0.0039238942108512686,3338.302587890625,3329.726123046875
2023-02-23,3274.976806640625,3312.0069850914083,3269.4126186044764,3281.8839695557263,1441570.0,-0.0021046334907557033,3310.62578125,3328.961071777344
2023-02-24,3262.16943359375,3294.3071440716617,3244.757603542233,3283.322809273216,977592.0,-0.006442673141892043,3291.3046875,3328.452587890625
2023-02-27,3196.359375,3252.144593441408,3181.1538265049285,3252.144593441408,1128022.0,-0.017153363523230086,3261.478955078125,3323.5695922851564
2023-02-28,3178.132080078125,3254.063328507291,3165.7085082433923,3193.145574568549,4116217.0,-0.004701788296154491,3234.972509765625,3321.370324707031
2023-03-01,3248.019287109375,3251.1851383060957,3180.194373999618,3187.86905122194,1669307.0,0.01886847763222232,3231.931396484375,3320.2838500976563
2023-03-02,3186.382080078125,3232.861797811115,3183.0724223223824,3224.323812967308,1556538.0,-0.011767345679299452,3214.212451171875,3313.6188720703126
2023-03-03,3206.240966796875,3221.4465182886142,3195.640503771766,3217.6091787790388,1043190.0,-0.003533123928518119,3203.0267578125,3306.896337890625
2023-03-06,3234.733154296875,3266.4869957988403,3222.405608373788,3225.1875856218485,1334132.0,0.0029596941020055534,3210.701513671875,3302.6704956054687
2023-03-08,3252.5283203125,3257.900688395356,3195.400125469975,3227.201977550641,1844590.0,0.007847771208011283,3225.58076171875,3298.730017089844
2023-03-09,3201.15625,3247.348124466536,3195.4002415075925,3247.348124466536,1648500.0,-0.01422449109121127,3216.208154296875,3289.9401245117188
2023-03-10,3195.5439453125,3201.539787299352,3156.211221878753,3178.1798932335464,1024404.0,0.005463520839686341,3218.04052734375,3279.8742797851564
2023-03-13,3148.48828125,3232.765923228851,3138.942948405277,3197.4623615631995,1901233.0,-0.015316546303067865,3206.489990234375,3267.61396484375
2023-03-14,3084.213134765625,3170.025579282181,3078.8887801864644,3146.617905620524,2670334.0,-0.019832331959794385,3176.385986328125,3254.785266113281
2023-03-15,3068.815673828125,3127.766978430258,3062.1963580924657,3117.837770614196,1780522.0,-0.015723106971153887,3139.64345703125,3240.3376586914064
2023-03-16,3055.48095703125,3088.8658507512164,3043.009606186224,3077.545654680141,1901060.0,-0.007169576059850304,3110.5083984375,3224.2376342773437
2023-03-17,3050.01318359375,3090.401038240357,3016.1486182322737,3022.3842944468124,6739966.0,0.009141421624543778,3081.40224609375,3206.0702514648438
2023-03-20,3015.476806640625,3040.755135435348,2969.188907407253,3040.755135435348,2289468.0,-0.008313174744043979,3054.799951171875,3188.9053466796877
2023-03-21,2979.78955078125,3028.379758761308,2971.491165250688,3015.4767541251367,1815297.0,-0.011834680302233154,3033.915234375,3170.6204223632812
2023-03-22,3003.48486328125,3015.668366064641,2979.789345103307,3002.7653623190904,1123939.0,0.00023961278200036127,3020.849072265625,3155.2614501953126
2023-03-23,2997.58544921875,3018.4032021661005,2974.897274429026,2988.231934731268,1372218.0,0.0031301166347795393,3009.269970703125,3141.9794799804686
2023-03-24,2993.604248046875,3041.091320720588,2979.6938934252826,3020.849262724128,1329577.0,-0.009018991782689664,2997.98818359375,3127.910852050781
2023-03-27,2995.330810546875,3024.5425056109025,2979.6936079382963,3007.514314515956,1524217.0,-0.004051021107456233,2993.958984375,3114.5689208984377
2023-03-28,2989.19140625,3021.4731649209016,2983.675230787172,2999.8401169154613,1303530.0,-0.003549759403981391,2995.83935546875,3104.2105224609377
2023-03-29,3011.25537109375,3021.9040791529305,2977.870713398868,3001.7580519585777,1740616.0,0.003163918933764687,2997.39345703125,3095.8666870117186
2023-03-31,3075.531005859375,3082.3423758807726,3023.8229594697154,3060.2296643124405,2382581.0,0.005000063140807555,3012.982568359375,3087.2422729492187
2023-04-03,3069.871337890625,3093.806694135721,3044.688799571991,3093.806694135721,1521830.0,-0.007736539031499695,3028.235986328125,3081.4167358398436
2023-04-05,3108.052978515625,3131.6046950515133,3055.96105125152,3055.96105125152,2655065.0,0.017046004968804006,3050.780419921875,3076.5073364257814
2023-04-06,3089.7294921875,3124.889252550946,3084.2613307608626,3093.854678601488,1703464.0,-0.0013333484738374355,3070.888037109375,3069.2571533203127
2023-04-10,3130.693115234375,3138.943488258971,3084.2614042642394,3089.058078298865,2203187.0,0.013478230541537213,3094.7755859375,3063.165393066406
2023-04-11,3083.109619140625,3139.854167686432,3062.3398842885395,3131.2681697619782,2348779.0,-0.015379887001187123,3096.29130859375,3057.2630615234375
2023-04-12,3109.8271484375,3128.342354465294,3068.9116183270758,3096.6843102624825,2417727.0,0.004244164680094058,3104.282470703125,3052.9772216796873
2023-04-13,3059.17431640625,3098.650842588885,3050.68411127946,3079.4641500651146,4174070.0,-0.0065887546242210954,3094.50673828125,3048.5115234375
2023-04-17,3011.831787109375,3034.7597965337154,2945.3978481836466,3006.6514725605,5505048.0,0.001722951461501841,3078.927197265625,3044.8924560546875
2023-04-18,3003.437255859375,3028.475986413507,2984.106754413668,3026.653109868665,2617302.0,-0.007670470703627304,3053.476025390625,3041.62353515625
2023-04-19,2963.960693359375,3012.311070357792,2946.5966409566745,3003.437224051802,3298034.0,-0.013143784187095766,3029.646240234375,3037.0475219726563
2023-04-20,2978.542724609375,2986.4092231023646,2952.8325052068994,2964.344522771059,2419999.0,0.004789659814927163,3003.38935546875,3033.4739990234375
2023-04-21,3032.313232421875,3035.766696873829,2974.705135851866,2983.5309684014064,1929184.0,0.01635051371583597,2998.017138671875,3034.3158203125
2023-04-24,3045.6962890625,3051.5961046283246,2999.0245086886457,3022.9601002553386,1640676.0,0.007521167350254127,3004.7900390625,3037.6111572265627
2023-04-25,3046.84716796875,3061.429009335655,3019.506127576083,3053.562511223089,2024090.0,-0.0021991831605403535,3013.472021484375,3039.7792724609376
2023-04-26,3068.09619140625,3077.9293721270374,3051.64369490967,3051.64369490967,2000029.0,0.005391355656633071,3034.29912109375,3043.3048095703125
2023-04-27,3058.31103515625,3069.1035506199446,3041.714497867342,3055.481044610507,2434446.0,0.000926201309850927,3050.252783203125,3046.540148925781
2023-04-28,3088.33837890625,3096.0130568688965,3066.273679763641,3070.25482527173,2931312.0,0.005889919457392062,3061.4578125,3051.19052734375
2023-05-02,3088.482421875,3103.4481387329106,3079.464768263568,3103.4481387329106,2321159.0,-0.004822286756182387,3070.0150390625,3056.155078125
2023-05-03,3050.58837890625,3085.22045594313,3044.1128695537577,3085.22045594313,2468285.0,-0.011225154743858793,3070.76328125,3058.121728515625
2023-05-04,3089.7294921875,3093.3269976277343,3048.7659437505517,3050.828419851248,1953253.0,0.01275098661174425,3075.08994140625,3058.831652832031
2023-05-05,3099.32275390625,3112.081953022256,3079.5125848508687,3089.0579188445327,1710027.0,0.0033229662024456077,3083.29228515625,3060.3042236328124
2023-05-08,3118.41357421875,3122.4907468306583,3099.8983670445105,3113.041206033321,928235.0,0.0017257619895993963,3089.30732421875,3060.8222534179686
2023-05-09,3149.73583984375,3163.886027504664,3114.000620157713,3120.3323232367843,1107375.0,0.00942320033927182,3101.5580078125,3063.8225708007812
2023-05-10,3153.14111328125,3172.039958677038,3133.2349196799955,3156.210937259173,1559987.0,-0.0009726295355242917,3122.0685546875,3064.944970703125
2023-05-11,3148.6806640625,3175.110385013743,3138.943509391695,3174.438897486895,1719623.0,-0.008114263419839897,3133.8587890625,3068.223522949219
2023-05-12,3141.149658203125,3156.2111661657173,3127.4311251368504,3145.802290975248,1027479.0,-0.0014789971974623621,3142.224169921875,3069.7896484375
2023-05-15,3122.6826171875,3158.1299892707284,3116.255121220748,3150.4553112895114,1150390.0,-0.00881545407182551,3143.077978515625,3072.9650634765626
2023-05-16,3125.656494140625,3151.4147264574367,3118.269663237718,3123.785838177484,986306.0,0.0005988425775796339,3138.262109375,3078.656298828125
2023-05-17,3078.217041015625,3146.617648323212,3068.1920407773514,3123.545603175159,1588815.0,-0.01451189382778871,3123.277294921875,3082.3952880859374
2023-05-18,3069.72705078125,3097.6435483622195,3065.074184078142,3094.765544433508,1369364.0,-0.008090594680845537,3107.486572265625,3087.6836059570314
2023-05-19,3091.792236328125,3102.9683929996936,3072.797360553346,3079.4646905330087,1152449.0,0.004003145687305342,3097.615087890625,3093.346081542969
2023-05-22,3164.5576171875,3173.9111313671137,3086.228025460693,3098.6513641182773,1333243.0,0.02126933472813464,3105.990087890625,3099.95830078125
2023-05-23,3162.974609375,3192.6179587624883,3156.307279863017,3171.560608341515,1687418.0,-0.0027071842625151217,3113.4537109375,3105.822216796875
2023-05-24,3169.01806640625,3182.304710180168,3142.780171230645,3142.780171230645,1016555.0,0.008348625658195748,3131.613916015625,3111.93076171875
2023-05-25,3159.5693359375,3171.5610215908227,3134.242989522726,3160.049003363633,1374917.0,-0.00015179113539768593,3149.582373046875,3116.5044189453124
2023-05-26,3193.529541015625,3202.8830553712173,3157.170845564567,3159.5691825788217,1791115.0,0.010748414253453709,3169.929833984375,3123.265344238281
2023-05-29,3185.3271484375,3234.8766933080315,3177.3166097972125,3224.132191228528,1210372.0,-0.012035810100032419,3174.083740234375,3128.114782714844
2023-05-30,3181.345703125,3191.658551207791,3167.0997232777127,3180.194548321064,1344224.0,0.0003619762207767718,3177.757958984375,3132.757946777344
2023-05-31,3155.731689453125,3192.3782304011866,3132.371794388493,3174.4387172519805,5815424.0,-0.005893019038984516,3175.10068359375,3138.0151123046876
2023-06-01,3188.8291015625,3204.178459452091,3163.406727557865,3179.235752881505,1177314.0,0.0030175015087509647,3180.95263671875,3142.9700927734375
2023-06-02,3171.17724609375,3200.244903507668,3163.358526853662,3190.987416263151,2030661.0,-0.006208163049605452,3176.482177734375,3146.5628173828127
2023-06-05,3155.155517578125,3191.706260048188,3151.462219842601,3180.1942446828207,1861468.0,-0.007873332626319793,3170.4478515625,3148.3999145507814
2023-06-06,3100.857666015625,3155.1080913391725,3089.633496620686,3146.617885371964,2022849.0,-0.014542668040205825,3154.350244140625,3145.956005859375
2023-06-07,3141.725341796875,3145.5149015050806,3109.2039868078027,3120.716004037576,1567196.0,0.006732217136104999,3151.548974609375,3145.385217285156
2023-06-08,3104.839111328125,3137.024841174129,3101.5294530629844,3128.390827849797,1759366.0,-0.007528380505404931,3134.7509765625,3143.1931396484374
2023-06-09,3078.793212890625,3117.838092311826,3075.0038872824884,3113.041418323654,1775689.0,-0.011001525784861323,3116.274169921875,3140.0753173828125
2023-06-12,3114.864013671875,3122.0590245453777,3080.423988642411,3084.261327774946,2324605.0,0.009922209127138527,3108.215869140625,3139.6843872070312
2023-06-13,3111.7939453125,3132.2278214342027,3107.2851190276824,3127.431147894488,1371928.0,-0.005000014977952565,3110.403125,3138.991259765625
2023-06-14,3118.84521484375,3123.4500683814585,3094.670026536505,3111.7940109067044,1658544.0,0.0022659610219479148,3105.827099609375,3141.022668457031
2023-06-15,3108.4560546875,3138.561486728467,3102.3672493436866,3136.4836715818824,2273810.0,-0.00893599961904048,3106.55048828125,3142.959118652344
2023-06-16,3068.44384765625,3092.1223498389745,3050.177668925648,3089.802917476329,4156189.0,-0.006912761231232418,3104.480615234375,3141.79169921875
2023-06-19,3102.753173828125,3107.102285996996,3068.540252481445,3083.0372930443496,1468186.0,0.006394953712774253,3102.058447265625,3138.7014770507812
2023-06-20,3119.47314453125,3124.1122447073176,3093.7168301515558,3106.2325613269354,1528452.0,0.0042625859277769,3103.594287109375,3136.526403808594
2023-06-21,3148.95068359375,3152.0433386122118,3115.849105259279,3141.025681373176,1645987.0,0.0025230618990383993,3109.615380859375,3135.5230346679687
2023-06-22,3129.9111328125,3158.083621268915,3121.792884283785,3150.69022478578,1529603.0,-0.006595092024539789,3113.906396484375,3134.0401245117187
2023-06-23,3108.50390625,3140.445530716428,3101.545137902307,3128.751392710188,1119505.0,-0.006471427070672231,3121.918408203125,3129.7888427734374
2023-06-26,3082.698974609375,3106.135857158569,3066.607353756344,3097.5343740274448,1978803.0,-0.004789422045631934,3117.907568359375,3124.657434082031
2023-06-27,3090.140869140625,3102.0282533764494,3075.595458239128,3094.634857234224,863542.0,-0.0014521868656308693,3112.04111328125,3120.0971923828124
2023-06-28,3107.634033203125,3122.6143091352988,3086.32333541195,3100.4338832524213,1575872.0,0.0023223039812578033,3103.777783203125,3117.6923095703123
2023-06-30,3191.523681640625,3199.0138197382,3106.329495596447,3112.0315708631424,2672406.0,0.025543478260869616,3116.10029296875,3117.827038574219
2023-07-03,3162.578125,3207.5189557973363,3159.1471111568376,3203.1698431395293,1687264.0,-0.01267235898416929,3126.91513671875,3117.397082519531
2023-07-04,3197.903076171875,3203.846769915259,3167.410912663984,3179.68502956899,1656681.0,0.005729512965425501,3149.95595703125,3119.534460449219
2023-07-05,3208.63037109375,3217.3769672644403,3194.18169925172,3208.67874175967,1453008.0,-1.5074948230450589e-05,3173.653857421875,3124.923095703125
2023-07-06,3211.48095703125,3216.8449091953057,3191.2818416942446,3195.6793244937653,1848238.0,0.004944686538593125,3194.4232421875,3128.4108764648436
2023-07-07,3217.6181640625,3244.3409478774147,3191.281873615492,3191.281873615492,1789326.0,0.008252574197455984,3199.642138671875,3134.0498291015624
2023-07-10,3162.239501953125,3213.2691333964635,3155.7158335117606,3213.2691333964635,1407431.0,-0.015880907986502706,3199.5744140625,3138.2221435546876
2023-07-11,3162.674560546875,3184.516864683391,3151.463656404731,3184.516864683391,1110172.0,-0.006858906724203341,3192.5287109375,3140.6126708984375
2023-07-12,3150.59375,3178.862982169137,3141.1225379000643,3170.937979657912,1515240.0,-0.006415839662719197,3180.92138671875,3142.5526611328123
2023-07-13,3228.539794921875,3254.537730569262,3163.013114423244,3173.8858964986425,4585146.0,0.017219868705275573,3184.333154296875,3148.037390136719
2023-07-14,3396.801513671875,3406.659690116176,3239.60536332091,3252.1694652669635,6306101.0,0.04447248212295696,3220.16982421875,3162.4546630859377
2023-07-17,3374.62109375,3430.86956458837,3360.4624116862665,3392.3075306304995,2743228.0,-0.005213689124821854,3262.646142578125,3177.763525390625
2023-07-18,3379.59814453125,3405.8376907007128,3348.8160040516373,3359.4471659692617,2600090.0,0.0059983019724539535,3306.030859375,3191.6057739257812
2023-07-19,3353.697509765625,3398.928329207205,3330.1155125750656,3382.6432238761868,2405370.0,-0.008557128906250046,3346.651611328125,3203.3169921875
2023-07-20,3355.877197265625,3370.993182584738,3329.4724236866127,3345.9936229092823,1715404.0,0.002953853315401454,3372.119091796875,3213.6633178710936
2023-07-21,3263.82421875,3328.3583195481533,3254.861129480699,3298.465347547569,3770223.0,-0.010502195763046219,3345.5236328125,3220.3589721679687
2023-07-24,3289.45361328125,3307.57354021269,3267.506252472614,3276.130102806954,1680132.0,0.004066844128955915,3328.49013671875,3229.406457519531
2023-07-25,3293.716796875,3301.1296550007232,3275.3546256651543,3292.1180703642726,1272980.0,0.000485622470566639,3311.3138671875,3239.9573486328127
2023-07-26,3283.2041015625,3314.744535490576,3280.0064113663198,3294.8803903109574,1066803.0,-0.0035437671069314444,3297.215185546875,3249.6105102539063
2023-07-27,3291.537109375,3305.829603637131,3280.054806773023,3289.64764049802,1701769.0,0.0005743681644560787,3284.34716796875,3258.8056640625
2023-07-28,3251.323974609375,3288.436053827298,3227.6808948641115,3280.0059529015366,2599831.0,-0.008744489706425424,3281.847119140625,3261.7956787109374
2023-07-31,3315.32568359375,3320.3643461255942,3256.653736060517,3260.0451753795705,2743678.0,0.016956976127713658,3287.021533203125,3269.433056640625
2023-08-01,3344.976318359375,3352.679682454882,3309.0754669316248,3309.0754669316248,1956167.0,0.010849209027269385,3297.2734375,3276.78671875
2023-08-02,3333.929931640625,3339.5015816634523,3307.719141222437,3328.4067780620358,1914899.0,0.001659398609266473,3307.418603515625,3283.0516967773438
2023-08-03,3294.492431640625,3326.7596003969497,3263.5334840564847,3313.9205806036757,2026351.0,-0.005862587376644861,3308.00966796875,3287.2022705078125
2023-08-04,3336.739990234375,3363.3385145788507,3295.7519800378323,3295.7519800378323,2248493.0,0.012436618545571576,3325.09287109375,3293.1583618164063
2023-08-07,3375.984130859375,3379.811565106023,3334.5116251207287,3346.817657760346,1853889.0,0.008714688423912249,3337.224560546875,3303.845593261719
2023-08-08,3362.950927734375,3381.700598108625,3349.385172054233,3375.983695699196,1634225.0,-0.003860435695060896,3340.819482421875,3313.859411621094
2023-08-09,3355.102294921875,3359.4627166770083,3318.813943406649,3357.427758564071,1794589.0,-0.0006926325179341241,3345.053955078125,3324.0848388671875
2023-08-10,3335.334716796875,3357.4273282703725,3323.6584305020897,3342.989583825395,1096701.0,-0.00228982676630438,3353.222412109375,3329.4245849609374
2023-08-11,3341.826904296875,3359.123100037925,3308.10626587245,3331.458838826398,1679974.0,0.003112169764681717,3354.239794921875,3326.6758544921877
2023-08-14,3342.844482421875,3347.8346478341377,3305.1994164290145,3333.9781503138724,1190425.0,0.00265938518738278,3347.611865234375,3325.087023925781
2023-08-16,3351.12939453125,3358.4937570619995,3328.6490450866786,3342.990035159809,1328445.0,0.0024347543025362217,3345.24755859375,3323.6635864257814
2023-08-17,3329.182373046875,3353.455437444039,3307.331765444477,3347.8352903665727,1843241.0,-0.005571635311143197,3340.06357421875,3322.4378295898437
2023-08-18,3262.66162109375,3304.2308827331804,3252.390310232821,3304.2308827331804,2526749.0,-0.012580616523093948,3325.528955078125,3317.77705078125
2023-08-21,3296.1396484375,3303.988502319431,3267.409408261932,3270.316356134051,1375579.0,0.007896267361111027,3316.39150390625,3319.392822265625
2023-08-22,3277.244140625,3305.199380998847,3260.674681447335,3294.540573261824,1222012.0,-0.005250028722426545,3303.271435546875,3318.7823486328125
2023-08-23,3292.84521484375,3296.478899697914,3271.285351375708,3282.913142909034,1330046.0,0.0030253837072019315,3291.614599609375,3318.73876953125
2023-08-24,3282.67041015625,3307.1857143149377,3273.319823812888,3302.292305457162,1152881.0,-0.005941901408450755,3282.31220703125,3318.7120849609373
2023-08-25,3276.420654296875,3280.781075652988,3246.333699626096,3270.3160170847173,1158046.0,0.0018666811342592034,3285.064013671875,3317.956262207031
2023-08-28,3270.849365234375,3288.727047450962,3255.878630908877,3288.727047450962,1037485.0,-0.00543604925511942,3280.00595703125,3318.9325317382813
2023-08-29,3271.430419921875,3284.41492834372,3260.626358857768,3276.1785764714195,944517.0,-0.0014492972341753447,3278.843212890625,3316.7377685546876
2023-08-30,3285.771728515625,3302.38992320139,3278.116860070823,3292.603103634005,1188200.0,-0.0020747642225205747,3277.428515625,3313.7775390625
2023-08-31,3252.680908203125,3311.4011130717445,3239.9386448011883,3295.5098927208232,3417652.0,-0.01299616323783449,3271.430615234375,3309.715087890625
2023-09-01,3274.385986328125,3283.882063213725,3252.6808705050566,3261.595463197816,1277950.0,0.003921554121174941,3271.023681640625,3308.709765625
2023-09-04,3312.466552734375,3326.371545718081,3265.5193996735443,3273.222762947701,1828332.0,0.01198934280639455,3279.347119140625,3307.49609375
2023-09-05,3322.980224609375,3340.082671074276,3299.5306589000934,3313.920143624608,1501842.0,0.0027339466831139358,3289.657080078125,3304.8458984375
2023-09-06,3323.513427734375,3337.079184553251,3292.6999693573484,3327.486351144256,1314818.0,-0.0011939713617501898,3297.205419921875,3302.8740234375
2023-09-07,3348.076904296875,3352.679571338452,3316.1489770799544,3324.3853286280405,1885092.0,0.0071266033647825995,3316.284619140625,3302.52275390625
2023-09-08,3335.140869140625,3357.5244601689515,3328.5034807633424,3348.0768805191256,1518917.0,-0.0038637139588308376,3328.435595703125,3302.5130615234375
2023-09-11,3372.689208984375,3377.58261845253,3338.145073748266,3354.617778030913,1783604.0,0.005387031295132958,3340.480126953125,3304.0561767578124
2023-09-12,3469.733154296875,3478.5507545571136,3374.966602888384,3383.687446823496,4476016.0,0.025429567247458432,3369.830712890625,3310.4006103515626
2023-09-13,3457.1845703125,3477.533204360846,3435.043223875548,3460.3337636771253,1754929.0,-0.0009100837028156412,3396.56494140625,3315.703369140625
2023-09-14,3449.62646484375,3486.108564180116,3435.6247139429142,3459.3162905976865,2604721.0,-0.002801081179039083,3416.874853515625,3321.7255737304686
2023-09-15,3486.68994140625,3495.4592807581853,3451.951822516696,3457.1844702041294,2952897.0,0.00853453770153562,3447.18466796875,3332.9269897460936
2023-09-18,3494.296630859375,3507.03889443688,3464.3551620969497,3469.006326053605,1395753.0,0.007290359955768879,3471.50615234375,3342.8348388671875
2023-09-20,3494.199951171875,3512.5621251746998,3468.957905689772,3468.957905689772,1649396.0,0.007276549951990246,3476.39951171875,3353.6826293945314
2023-09-21,3474.093505859375,3493.1824165502185,3418.570753284097,3477.2426994387893,2004073.0,-0.0009056582619103706,3479.781298828125,3362.7450439453123
2023-09-22,3491.8740234375,3521.04049408728,3454.471437322783,3472.833610129704,1989083.0,0.00548267364501946,3488.230810546875,3373.205224609375
2023-09-25,3466.19580078125,3507.716797276769,3448.2696237785926,3490.7596028147955,1238778.0,-0.007036807121790426,3484.131982421875,3382.693981933594
2023-09-26,3474.480712890625,3483.4438015572423,3426.322327044132,3456.9422705216166,1726062.0,0.005073397527799051,3480.168798828125,3392.8755493164062
2023-09-27,3477.96923828125,3501.9030608077,3445.411328810896,3478.64747877688,1541134.0,-0.00019497247127445475,3476.92265625,3403.202490234375
2023-09-28,3427.049072265625,3491.0504177267194,3417.9407308203613,3488.3372192425954,1755753.0,-0.017569444444444398,3467.51376953125,3410.266357421875
2023-09-29,3419.152099609375,3457.765914308178,3396.817003348642,3427.485208034955,2243791.0,-0.0024312602155204216,3452.969384765625,3418.5899169921877
2023-10-03,3404.859375,3424.578027645077,3372.156214446026,3424.578027645077,1948148.0,-0.005757980249215251,3440.702099609375,3425.1135864257812
2023-10-04,3428.01806640625,3437.9501376890325,3369.443117715539,3378.163960793104,1788138.0,0.014757751900663156,3431.4095703125,3430.891162109375
2023-10-05,3478.017578125,3511.592728543057,3441.050752245479,3443.763950673848,2990768.0,0.00994656658870295,3431.41923828125,3438.643029785156
2023-10-06,3509.07373046875,3522.203492900833,3464.161525860391,3479.616752062629,2075691.0,0.008465581270885527,3447.824169921875,3447.921044921875
2023-10-09,3525.498291015625,3564.8873430299323,3518.3761735639264,3531.990427773313,4233074.0,-0.0018380957962507623,3469.093408203125,3456.7921142578125
2023-10-10,3516.3408203125,3534.848482377593,3489.6455392572893,3527.145118113646,1848148.0,-0.003063184938340182,3491.389697265625,3465.8521118164062
2023-10-11,3497.93017578125,3536.7864724759315,3493.182255691982,3536.7864724759315,2426417.0,-0.010986328124999906,3505.372119140625,3472.11416015625
2023-10-12,3432.66943359375,3477.3393905104017,3428.35750824107,3464.1128723522656,4241281.0,-0.009076909418706192,3496.302490234375,3470.2609741210936
2023-10-13,3460.091552734375,3466.050700995378,3415.6636066560545,3420.508519573297,2890357.0,0.01157226562500015,3486.5060546875,3470.4063232421877
2023-10-16,3414.742919921875,3463.773293823353,3409.9465037291648,3455.391689596092,1671104.0,-0.011763867406582924,3464.35498046875,3468.662145996094
2023-10-17,3398.2705078125,3424.529794587994,3394.6853194711102,3420.508611385952,1672065.0,-0.006501402598264875,3440.74091796875,3464.241174316406
2023-10-18,3379.08447265625,3413.434857504284,3375.935279298695,3402.0978087306885,1408245.0,-0.006764454571347167,3416.97177734375,3458.48056640625
2023-10-19,3357.128662109375,3377.724435795141,3353.4855753272413,3370.583890830107,1514545.0,-0.003991957819930812,3401.863623046875,3451.627001953125
2023-10-20,3394.919677734375,3399.728504737113,3345.8594435611435,3352.028261391684,1481211.0,0.012795660715844818,3388.829248046875,3447.668310546875
2023-10-23,3312.92626953125,3379.7648237399885,3304.3287260117504,3373.98450612809,1106272.0,-0.018096774447523743,3368.46591796875,3438.7209228515626
2023-10-25,3293.447998046875,3327.3529006146546,3280.9156360547177,3293.8364991340104,1518537.0,-0.00011794789669661849,3347.501416015625,3430.083532714844
2023-10-26,3241.61865234375,3277.5151537064357,3235.0610960679364,3272.0263311031777,1984471.0,-0.009293225568015394,3320.008251953125,3418.4404296875
2023-10-27,3255.4140625,3266.149073428411,3241.861825708093,3254.4911945226586,1108851.0,0.00028356751399254284,3299.66533203125,3407.3126708984373
2023-10-30,3282.22705078125,3286.404504534894,3238.7042584547025,3254.490968375929,910972.0,0.00852240263526133,3277.126806640625,3400.071569824219
2023-10-31,3272.706298828125,3302.093865593112,3254.5394868094318,3302.093865593112,999811.0,-0.008899676375404394,3269.0828125,3392.7492797851564
2023-11-01,3235.692626953125,3275.4753267054184,3216.6029459604515,3259.348500059594,1563475.0,-0.007257853250745131,3257.53173828125,3384.2909423828123
2023-11-02,3264.30322265625,3279.7011948612367,3247.8849014667157,3247.8849014667157,1245384.0,0.005055080979661529,3262.06865234375,3376.1052001953126
2023-11-03,3255.365234375,3291.3103587243213,3248.953543691042,3285.5786634974306,1402598.0,-0.00919577103969535,3262.05888671875,3364.9725830078123
2023-11-06,3283.878662109375,3295.585162582433,3263.234502189303,3278.778340246769,1099852.0,0.0015555555555555453,3262.389208984375,3353.7128295898438
2023-11-07,3274.357666015625,3307.096824010128,3270.034583951179,3281.6924612558178,1191144.0,-0.0022350647803804037,3262.719482421875,3341.155798339844
2023-11-08,3285.1416015625,3304.959899943294,3273.483723178469,3275.3294590505507,992899.0,0.0029957726801607514,3272.60927734375,3329.595837402344
2023-11-09,3252.013671875,3294.807847478932,3246.7677215232948,3293.4478565522354,2112352.0,-0.012580792677437747,3270.1513671875,3317.300012207031
2023-11-10,3238.412841796875,3252.0136999016195,3227.6294466076274,3242.833168116945,1338557.0,-0.001363106299617942,3266.760888671875,3307.5871826171874
2023-11-13,3236.567138671875,3260.320018666236,3232.146812307082,3260.320018666236,1030990.0,-0.007285444330117692,3257.298583984375,3296.4109619140627
2023-11-15,3307.24267578125,3315.6945893553025,3260.36829431732,3286.647140066283,2059802.0,0.006266427406792304,3263.8755859375,3291.0359497070312
2023-11-16,3398.1259765625,3428.72790782692,3316.860705674454,3332.2589151668635,3951984.0,0.019766489661364798,3286.4724609375,3291.0287231445313
2023-11-17,3402.5947265625,3424.0161261282296,3392.977071498776,3398.126015365074,2021292.0,0.0013150516423522708,3316.588671875,3292.204235839844
2023-11-20,3419.255859375,3433.1479748452243,3391.7140265430435,3391.7140265430435,1475621.0,0.008120328723594705,3352.757275390625,3295.310595703125
2023-11-21,3410.123291015625,3438.1508653231253,3401.1856327044675,3419.255437021902,1807236.0,-0.002670799586190233,3387.468505859375,3296.0707763671876
2023-11-22,3429.5048828125,3431.93360749678,3381.8534942510405,3400.21455799214,1798051.0,0.008614257812500047,3411.920947265625,3301.89970703125
2023-11-23,3408.229248046875,3442.960009998753,3400.214456827211,3429.3591521714443,2729804.0,-0.006161473087818754,3413.9416015625,3307.63876953125
2023-11-24,3358.537841796875,3404.6349903029877,3354.554638318644,3394.628596856334,1989733.0,-0.010631724216570094,3405.130224609375,3313.484729003906
2023-11-28,3371.215576171875,3381.9992089165307,3335.1248213171853,3358.5378227414576,1689195.0,0.0037747835812874625,3395.52216796875,3319.2748046875
2023-11-29,3413.572265625,3417.701097251868,3376.704275357584,3381.755974853256,1441634.0,0.009408216029876256,3396.211962890625,3325.8420654296874
2023-11-30,3388.167724609375,3416.3893119165145,3381.7557974296496,3399.6797357628243,3266235.0,-0.003386204598141717,3387.94453125,3331.61513671875
2023-12-01,3411.532470703125,3416.681414697056,3390.5484308129853,3400.2147080469736,1172141.0,0.0033285435267857476,3388.60517578125,3340.40712890625
2023-12-04,3412.3095703125,3446.6518323292607,3398.2715890288414,3443.591496909269,1625213.0,-0.009084099151959709,3399.359521484375,3347.8074462890627
2023-12-05,3430.913818359375,3437.13125883399,3402.9348618633057,3437.13125883399,1377656.0,-0.0018089039976682065,3411.299169921875,3356.5848754882813
2023-12-06,3501.346435546875,3509.8469711815424,3424.647127133406,3431.884915789308,1896572.0,0.02024004926213896,3428.85400390625,3367.4582641601564
2023-12-07,3511.838623046875,3527.0425817635564,3489.3001055832606,3502.2209682419298,1967653.0,0.0027461587638695373,3453.58818359375,3379.332312011719
2023-12-08,3523.302001953125,3541.080312687416,3499.3548733113907,3529.4224351147827,1641155.0,-0.0017341174864092693,3475.94208984375,3391.24033203125
2023-12-11,3539.04052734375,3548.852670387428,3511.9360535041205,3519.6107289841143,1102503.0,0.00552043957578338,3501.28828125,3405.5916748046875
2023-12-12,3567.408203125,3592.958198083649,3527.4798728429014,3535.203170212462,2236866.0,0.009109811052416171,3528.587158203125,3422.0414428710938
2023-12-13,3491.09765625,3545.938214904756,3461.4185917001764,3539.6721523445854,3850968.0,-0.013722879974183737,3526.53740234375,3434.76796875
2023-12-14,3562.6962890625,3573.139805350569,3524.1768099046108,3526.508290761981,3290396.0,0.010261707988980791,3536.708935546875,3447.5406494140625
2023-12-15,3750.922607421875,3784.8761329279296,3562.1620672062345,3562.1620672062345,8531230.0,0.052990441382046206,3582.233056640625,3465.1804809570312
2023-12-18,3749.173095703125,3816.983125879381,3720.951271782808,3748.104599314711,2521612.0,0.0002850764593414742,3624.2595703125,3482.5093994140625
2023-12-19,3707.399658203125,3745.190757103993,3681.946670607514,3735.378614376225,2004435.0,-0.007490259773244485,3652.257861328125,3496.9165893554687
2023-12-20,3672.280029296875,3787.644441896173,3659.164917127692,3718.134299963476,2586083.0,-0.012332602043732432,3688.4943359375,3510.0244262695314
2023-12-21,3679.517822265625,3698.170380027617,3636.626640080776,3649.15876432614,1517562.0,0.00831946755407643,3711.858642578125,3522.5250732421873
2023-12-22,3714.976806640625,3736.300959232259,3654.7444420978113,3691.661052624052,2413058.0,0.006315789473684224,3704.669482421875,3537.862451171875
2023-12-26,3687.33837890625,3724.692116519827,3682.0921913636303,3710.945629897685,1285231.0,-0.006361518961970367,3692.3025390625,3554.3024780273436
2023-12-27,3702.542236328125,3709.342665585668,3660.5739203461735,3690.690107058151,1293976.0,0.003211358560640888,3691.3310546875,3570.8688110351563
2023-12-28,3691.564208984375,3728.578067370453,3683.986777851601,3714.977209386298,1682889.0,-0.006302326792952452,3695.187890625,3584.768408203125
2023-12-29,3685.24951171875,3713.6172051567646,3658.047795847884,3683.889520797263,1574996.0,0.0003691725590057588,3696.334228515625,3599.6224975585938
2024-01-01,3702.4453125,3722.74935686554,3665.431451840731,3681.9467804072015,825907.0,0.005567308088720263,3693.8279296875,3614.1681396484373
2024-01-02,3675.34033203125,3702.445040999075,3659.845116448536,3702.445040999075,1344068.0,-0.007320759300321985,3691.4283203125,3627.319677734375
2024-01-03,3586.497314453125,3664.3137389487097,3581.9313600260944,3659.601918749894,1803075.0,-0.01997610830899919,3668.2193359375,3635.0988525390626
2024-01-04,3562.2587890625,3612.97050837484,3546.909203032143,3596.2123095930524,3598144.0,-0.009441467190349108,3642.358251953125,3638.1444702148438
2024-01-05,3631.332275390625,3640.9015464972326,3570.080022333973,3570.225650957863,1963127.0,0.017115619685374152,3631.5748046875,3644.1191528320314
2024-01-08,3573.43115234375,3633.12915601736,3567.699219937264,3631.331804928008,1067805.0,-0.015944743056991385,3605.77197265625,3646.6256103515625
2024-01-09,3584.7001953125,3645.3699243725832,3577.7541379650293,3604.1786136578194,1370944.0,-0.005404398736374237,3587.6439453125,3648.90859375
2024-01-10,3607.1904296875,3622.928517798388,3582.854561544668,3584.7975412418177,1292227.0,0.006246625698678956,3591.782568359375,3650.897705078125
2024-01-11,3629.04931640625,3665.431567459847,3601.313231002823,3617.828560090239,1777909.0,0.003101516871139699,3605.140673828125,3657.7952880859375
2024-01-12,3772.100830078125,3793.910729734483,3712.6456988035065,3738.292935924279,6813450.0,0.009043671732880716,3633.294384765625,3668.265515136719
2024-01-15,3792.502197265625,3851.957329800284,3774.238140296117,3847.0998804562737,2801505.0,-0.014191906861584603,3677.10859375,3670.3444946289064
2024-01-16,3751.213623046875,3787.8387411769872,3745.627556680687,3787.8387411769872,1432672.0,-0.009669133411611866,3710.411279296875,3670.4465209960936
2024-01-17,3773.849609375,3798.4767350462816,3703.853717445346,3710.1197796135352,3458696.0,0.017177297108209047,3743.743115234375,3673.7690185546876
2024-01-18,3791.33642578125,3797.359615482421,3751.893842559141,3786.867477549335,2239110.0,0.0011801174079656563,3776.200537109375,3679.7218383789063
2024-01-19,3839.487548828125,3859.44912521602,3812.2229566885608,3841.386285377884,2941975.0,-0.0004942842007289554,3789.677880859375,3687.720324707031
2024-01-23,3756.914794921875,3830.577786524189,3741.821895467125,3797.568249904831,2618854.0,-0.01070512820512837,3782.560400390625,3689.8172241210937
2024-01-24,3740.896728515625,3781.647412600085,3705.647554381068,3778.093373461245,2657709.0,-0.009845348240174058,3780.497021484375,3692.4951416015624
2024-01-25,3710.223876953125,3759.592211989129,3679.453744591941,3739.04630087267,2205154.0,-0.007708496124484516,3767.771875,3692.8792236328127
2024-01-29,3701.16845703125,3719.669430639141,3681.547782743708,3700.973757486317,1646747.0,5.260765346934325e-05,3749.73828125,3693.3594360351562
2024-01-30,3700.730224609375,3746.739223534862,3687.536062027925,3707.4489039642863,1411621.0,-0.0018122109107767206,3721.98681640625,3694.1334716796873
2024-01-31,3715.725830078125,3733.3018029087534,3696.737988357541,3711.100586582085,2459358.0,0.0012463266322565573,3713.7490234375,3694.797497558594
2024-02-01,3752.92236328125,3802.339437023167,3705.112095657625,3719.669392987647,2363107.0,0.008939765011452865,3716.154150390625,3698.6765991210937
2024-02-02,3862.127197265625,3879.751667343191,3770.303891212372,3773.273832060788,2826510.0,0.023548082953817634,3746.534814453125,3712.4580932617187
2024-02-05,3868.943115234375,3916.363984155223,3858.037325728202,3878.388301563961,1691523.0,-0.002435337979381028,3780.08974609375,3727.7923095703127
2024-02-06,4027.369873046875,4040.9047008847647,3885.20449551669,3892.020643754439,4474396.0,0.03477608206154617,3845.41767578125,3747.594189453125
2024-02-07,3976.151123046875,4045.870674282295,3966.9493708640375,4043.9232034402817,2124267.0,-0.01675899293432452,3897.502734375,3767.730187988281
2024-02-08,4025.51953125,4048.7917117504862,3978.731498675561,3982.577705882513,2345173.0,0.010782419964853266,3952.02216796875,3789.7711547851563
2024-02-09,4025.130126953125,4074.839127875771,3992.315054493258,4027.904892418305,2100596.0,-0.0006888855470253893,3984.62275390625,3810.6681396484373
2024-02-12,4012.47216796875,4050.350384799121,3997.71969439986,4021.5277181683455,1013716.0,-0.00225176868946708,4013.328564453125,3829.8392822265623
2024-02-13,4040.51513671875,4060.476712885212,3974.301127971461,4017.09698998421,1257415.0,0.005829619447309446,4015.9576171875,3843.2599975585936
2024-02-14,3992.41259765625,4006.8236913539386,3943.141491460348,3999.1312768064327,1391283.0,-0.0016800346588141902,4019.209912109375,3853.255517578125
2024-02-15,3995.431396484375,4037.399013046153,3975.7617506652714,4019.5798449047847,1091582.0,-0.006007704623909958,4013.19228515625,3865.46640625
2024-02-16,4019.871826171875,4039.006107930437,3992.4127720420106,4005.217297984756,1307556.0,0.003658859706436529,4012.140625,3877.7675170898438
2024-02-19,3996.015380859375,4019.87189957143,3948.497280709498,4014.759788418847,772291.0,-0.004668873991799736,4008.849267578125,3888.00146484375
2024-02-20,3924.786376953125,3990.367549263329,3904.678836638836,3974.885251960021,1193648.0,-0.012603854408675598,3985.703515625,3892.26640625
2024-02-21,3886.664794921875,3956.627777527975,3876.051174301171,3907.600105730048,1885939.0,-0.005357587839521747,3964.553955078125,3898.75390625
2024-02-22,3979.75439453125,3987.398075448962,3866.7036096684246,3866.7036096684246,2982052.0,0.02923699261048861,3961.4185546875,3910.6967895507814
2024-02-23,3945.673583984375,4021.5274818311927,3940.1231016354586,4021.5274818311927,2538072.0,-0.018861961826573882,3946.57890625,3922.469274902344
2024-02-26,3895.9638671875,3943.6281649940406,3878.144462748152,3929.995870102703,1379284.0,-0.00865955182652996,3926.568603515625,3932.2090454101562
2024-02-27,3996.599365234375,4015.68467361448,3893.9677521300446,3893.9677521300446,2960475.0,0.026356564727119215,3940.931201171875,3947.0025024414062
2024-02-28,4010.76806640625,4045.7735726931887,3981.6044977186,3988.031247171647,1939225.0,0.005701264063747789,3965.75185546875,3961.7546142578126
2024-02-29,3987.544189453125,4029.4148143603447,3957.796523514063,3991.3416626673097,3772719.0,-0.0009514277491461273,3967.309814453125,3973.485705566406
2024-03-01,3986.81396484375,4031.264894494831,3979.462214410768,3999.3265608757474,2043265.0,-0.003128675751163838,3975.537890625,3979.7200439453127
2024-03-04,3973.522216796875,4009.745128114517,3968.848239075287,3997.184035858106,1749271.0,-0.0059196221262180476,3991.049560546875,3984.9489990234374
2024-03-05,3906.723876953125,3957.2606489086174,3875.4668756536166,3955.313178116832,2070859.0,-0.01228456483105621,3973.074462890625,3978.91669921875
2024-03-06,3957.552978515625,3965.050693824185,3854.4829875644286,3889.148064163673,1744204.0,0.017588662921390157,3962.4314453125,3977.9867919921876
2024-03-07,4000.689697265625,4015.685128600177,3931.6517089404847,3958.2347351502713,2688905.0,0.010725731280750325,3965.060546875,3976.7453002929688
2024-03-11,4014.07861328125,4043.923511114444,3981.604439428597,3981.604439428597,2304068.0,0.00815605225146714,3970.5134765625,3976.192724609375
2024-03-12,4082.142333984375,4118.852349676339,4012.8121815666727,4014.078322892767,4039801.0,0.01695632362314176,3992.2375,3979.676232910156
2024-03-13,4040.0283203125,4129.611980343532,4023.377349280599,4094.557504679215,2837260.0,-0.013317479191438811,4018.898388671875,3979.651892089844
2024-03-14,4097.08935546875,4114.03225712865,3978.683030207731,4044.361676187672,2919608.0,0.013037330363287547,4046.8056640625,3984.8857299804686
2024-03-15,4108.43359375,4127.664870274634,4067.293268020087,4082.483637227106,3373143.0,0.006356414092211662,4068.354443359375,3990.53583984375
2024-03-18,4043.436279296875,4143.000724705209,4009.696442521243,4104.538176112258,1526904.0,-0.014886424292746527,4074.2259765625,3991.7140625
2024-03-19,3872.837890625,3951.418290603149,3862.4189692920513,3944.845576590933,8931209.0,-0.018253613371644516,4032.365087890625,3985.5551879882814
2024-03-20,3866.60595703125,3912.4689912686326,3856.1870353866384,3881.309457241605,1817913.0,-0.003788283405983406,3997.680615234375,3982.6461669921873
2024-03-21,3868.602294921875,3903.121169849542,3844.307642447525,3885.253266580062,3829582.0,-0.004285685003192486,3951.983203125,3981.7430419921875
2024-03-22,3808.181884765625,3834.570210610545,3753.75016808117,3794.647057071938,5852485.0,0.003566821232678987,3891.932861328125,3973.164416503906
2024-03-26,3775.6591796875,3843.0416247876974,3769.768032712524,3773.2248410803513,3440925.0,0.0006451612903225968,3838.37744140625,3964.6636962890625
2024-03-27,3740.0205078125,3792.699692340472,3728.822549799172,3786.3704117242414,1968575.0,-0.0122412492365306,3811.81396484375,3956.8665283203127
2024-03-28,3774.490478515625,3812.173989951078,3739.630704573976,3748.9786592575374,4311783.0,0.006805005196572674,3793.390869140625,3945.761083984375
2024-04-01,3813.87841796875,3829.9937876098847,3785.932257409314,3795.3287096425006,1569676.0,0.004887510343734281,3782.44609375,3935.9166015625
2024-04-02,3781.79345703125,3807.159310827785,3771.277067546641,3787.83056874682,2142666.0,-0.0015938177819731264,3777.168408203125,3925.6290649414063
2024-04-03,3843.625732421875,3876.440567347848,3749.854967308857,3749.854967308857,3973090.0,0.02500650449964314,3790.76171875,3918.4696533203123
2024-04-04,3898.155029296875,3922.839079397691,3831.8922868474538,3871.4745363238826,3394637.0,0.006891558428878774,3822.388623046875,3914.7012939453125
2024-04-05,3874.73681640625,3896.8892980480778,3856.479276591557,3873.519647085271,1636819.0,0.0003142282554045577,3842.437890625,3913.101940917969
2024-04-08,3868.212646484375,3926.7340019269777,3855.992219556017,3878.388133962529,2302538.0,-0.0026236382555548505,3853.304736328125,3908.6349243164063
2024-04-09,3842.8955078125,3910.375418883656,3821.9601966177256,3879.3618511619097,1876992.0,-0.009400088145550968,3865.525146484375,3900.74521484375
2024-04-10,3879.994873046875,3885.399152350213,3815.095500273694,3852.4868465326495,2101965.0,0.007140329768804681,3872.798974609375,3894.0410278320314
2024-04-12,3896.304931640625,3907.941260442175,3841.873215117463,3866.7034690739943,4354821.0,0.007655477799987533,3872.428955078125,3884.749157714844
2024-04-15,3837.686279296875,3957.4557449930167,3816.118133207992,3896.3051084577633,4200329.0,-0.015044722507393877,3865.01884765625,3874.6320556640626
2024-04-16,3771.08251953125,3825.514233514472,3761.393899808732,3799.515545777659,3051420.0,-0.0074833293623462775,3845.592822265625,3858.3317138671873
2024-04-18,3760.56640625,3832.62283143449,3748.881580544407,3774.977738832576,3476284.0,-0.0038175940573977533,3829.127001953125,3840.9383544921875
2024-04-19,3725.706298828125,3751.364321426384,3701.0707459342575,3737.1964239670265,2957749.0,-0.0030745307003972595,3798.269287109375,3825.05185546875
2024-04-22,3763.097900390625,3776.145859584588,3711.879323552463,3736.222708413117,1728883.0,0.007193145075905512,3771.627880859375,3819.5648559570313
2024-04-23,3772.9326171875,3792.699493931328,3759.203090282952,3775.22099053578,1807586.0,-0.000606156130731616,3758.6771484375,3814.8811889648437
2024-04-24,3730.42919921875,3795.620739280783,3724.002450233285,3787.830855772767,1317312.0,-0.015154229093026963,3750.546484375,3807.9725341796875
2024-04-25,3751.0234375,3771.9100141571794,3710.905586809891,3711.100286343032,2856271.0,0.010757766720529301,3748.637890625,3805.114611816406
2024-04-26,3720.984130859375,3774.977715088682,3702.6778564900783,3753.896199540408,2039178.0,-0.00876744239360224,3747.69345703125,3802.380859375
2024-04-29,3768.55078125,3775.951265545744,3718.8902747468273,3737.1965482191617,1110693.0,0.008389773624772046,3748.784033203125,3803.807373046875
2024-04-30,3720.302490234375,3779.79782513137,3709.932302119023,3770.3039038857896,2203078.0,-0.013261905386428305,3738.2580078125,3801.0979736328127
2024-05-02,3761.832275390625,3769.4274595752354,3678.821326868952,3678.821326868952,2491044.0,0.02256455020399802,3744.538623046875,3798.4956665039062
2024-05-03,3742.45458984375,3791.336297740904,3697.857698127601,3787.976720384603,2962234.0,-0.012017531759337518,3742.824853515625,3796.5287231445313
2024-05-06,3818.0654296875,3836.468934581478,3751.802684840144,3751.802684840144,2053831.0,0.017661575091649354,3762.24111328125,3795.2507080078126
2024-05-07,3874.44482421875,3883.257178048616,3810.713883222984,3827.5595549362256,2062112.0,0.012249389881356295,3783.419921875,3794.0651977539064
2024-05-08,3872.497314453125,3879.654365405302,3835.1547010000263,3856.966280913077,1247685.0,0.004026748591738122,3813.85888671875,3793.95322265625
2024-05-09,3856.186767578125,3866.703157127569,3807.354033827881,3857.9395387910927,1726486.0,-0.0004543283261294742,3832.72978515625,3793.3519287109375
2024-05-10,3791.628173828125,3869.235075285604,3783.0107581868297,3858.523985900126,1672489.0,-0.017337150764502814,3842.564501953125,3790.7885620117186
2024-05-13,3844.112548828125,3851.123395960307,3768.355889346748,3782.475052239649,931326.0,0.0162955461006887,3847.77392578125,3788.9944458007812
2024-05-14,3798.736572265625,3842.165267081056,3790.654520735424,3832.6226124211207,1058317.0,-0.00884147582015372,3832.632275390625,3784.1160278320312
2024-05-15,3778.482666015625,3823.810095410986,3773.711457754372,3801.949783718732,1115021.0,-0.006172390230823456,3813.829345703125,3781.1558471679687
2024-05-16,3826.101318359375,3834.487314976301,3769.7536756903473,3816.440456776042,2599399.0,0.0025313801414562037,3807.812255859375,3783.906787109375
2024-05-17,3760.5341796875,3844.7858973181774,3756.5127517164856,3843.805084589271,2765804.0,-0.021663664798099065,3801.59345703125,3783.90517578125
2024-05-21,3746.900634765625,3770.9796344811793,3736.945481626863,3757.1012305360127,1908117.0,-0.0027150175479654167,3782.15107421875,3784.964892578125
2024-05-22,3758.474609375,3767.547127677901,3744.3019124579328,3761.4170477435086,1311168.0,-0.0007822685788787577,3774.098681640625,3784.7337280273437
2024-05-23,3818.7451171875,3830.073551639933,3752.0989428421417,3767.252451000279,2095742.0,0.013668493645428152,3782.151171875,3787.0243530273438
2024-05-24,3775.638671875,3809.280597008828,3770.538493478743,3803.837038368416,1309452.0,-0.0074131373686584425,3772.058642578125,3789.2848266601563
2024-05-27,3773.235595703125,3833.359462905497,3767.6450111298777,3781.033008880777,1841538.0,-0.002062244143158101,3774.59892578125,3790.3954345703123
2024-05-28,3766.22265625,3795.7452148143816,3756.5127061341295,3783.975462210306,1801993.0,-0.00469157533858218,3778.463330078125,3792.657360839844
2024-05-29,3730.66796875,3775.049741499884,3727.088098332772,3775.049741499884,1568095.0,-0.01175660608176529,3772.902001953125,3790.763220214844
2024-05-30,3664.414306640625,3721.595493650376,3644.160381361953,3704.529449000612,2919230.0,-0.010828674170969069,3742.03583984375,3787.9688110351562
2024-05-31,3600.514404296875,3677.851583002053,3583.644473414878,3668.239570460936,10956800.0,-0.01846257990056825,3707.010986328125,3779.9029174804687
2024-06-03,3631.802490234375,3679.568021993886,3625.0838272936135,3661.1777834219824,2156773.0,-0.008023454452449813,3678.724365234375,3774.3703125
2024-06-04,3643.71923828125,3673.143619747855,3522.5888679103928,3629.0070475479474,3395997.0,0.0040540540540540786,3654.223681640625,3765.6530029296873
2024-06-05,3674.565673828125,3711.1991237742154,3629.006972029967,3644.6999751522585,2799670.0,0.008194281800827473,3643.00322265625,3755.659045410156
2024-06-06,3756.9052734375,3766.222995087351,3669.711110833498,3708.453216640774,4328036.0,0.01306530080501201,3661.501416015625,3749.879443359375
2024-06-07,3819.235595703125,3839.881751093866,3763.672651587923,3763.672651587923,4552445.0,0.014762958753004037,3705.245654296875,3748.031884765625
2024-06-10,3784.661865234375,3830.956176142604,3768.1841642111135,3820.265413643011,1734661.0,-0.009319653100930601,3735.817529296875,3747.6835693359376
2024-06-11,3778.1884765625,3805.5039649867776,3767.30136044652,3771.2246110171486,1419898.0,0.0018465793644343916,3762.711376953125,3744.3873657226563
2024-06-12,3758.131103515625,3818.7944683014457,3754.011737828636,3800.0608488655375,2177001.0,-0.01103396682777597,3779.424462890625,3742.3570922851563
2024-06-13,3803.73876953125,3815.361496092327,3778.090612582942,3782.798561549058,1932323.0,0.005535639194495477,3788.791162109375,3743.6198974609374
2024-06-14,3758.523193359375,3814.380426332007,3754.550854203888,3814.380426332007,1860730.0,-0.014643854762631968,3776.648681640625,3740.2409912109374
2024-06-18,3741.898681640625,3768.282447869505,3722.233338830122,3752.638532969622,1774045.0,-0.0028619466635647142,3768.096044921875,3739.309216308594
2024-06-19,3728.755615234375,3760.288887395233,3720.1735040598087,3754.2076570551294,1509050.0,-0.006779604152403082,3758.20947265625,3738.401965332031
2024-06-20,3714.582763671875,3736.847163265047,3707.5209603786334,3723.164874486352,2846526.0,-0.0023050579557427953,3749.4998046875,3736.207373046875
2024-06-21,3737.6318359375,3803.395372538212,3725.1755630739294,3753.570041627714,4642195.0,-0.004246145806114378,3736.27841796875,3732.151708984375
2024-06-24,3743.566162109375,3782.994786873642,3718.555436917444,3735.6705715594985,1702154.0,0.0021135671357071463,3733.28701171875,3730.5480834960936
2024-06-25,3764.800537109375,3773.823966241929,3720.1244698231194,3743.7621521570873,1338808.0,0.0056195837495087156,3737.8673828125,3730.126330566406
2024-06-26,3781.866943359375,3792.753821226435,3767.301778218239,3770.7346228482215,1639845.0,0.0029522948774222345,3748.4896484375,3730.908544921875
2024-06-27,3858.664306640625,3866.363782355002,3744.841180868651,3757.493569305432,4526556.0,0.02692505934318714,3777.30595703125,3737.3083618164064
2024-06-28,3829.23974609375,3884.0182303010656,3823.060817746885,3842.627982909809,2731571.0,-0.0034841355644115043,3795.6275390625,3745.5496337890627
2024-07-01,3901.869140625,3924.918239697478,3809.476629681037,3809.476629681037,2658723.0,0.024253334493273628,3827.288134765625,3760.6173706054688
2024-07-02,3940.317138671875,3946.20201531018,3906.1359572048,3916.97398623826,2307449.0,0.005959486204306707,3862.391455078125,3776.043103027344
2024-07-03,3889.16748046875,3948.8500278461,3879.11415049591,3942.866974713921,1821198.0,-0.013619402985074663,3883.8515625,3788.3155151367187
2024-07-04,3943.798828125,3969.692427406697,3905.694397921113,3923.103823566617,2518001.0,0.005275161068658281,3900.878466796875,3801.7771728515627
2024-07-05,3934.824462890625,3949.487564958061,3911.48107259024,3933.0589521281,1668616.0,0.0004488899820761139,3921.99541015625,3810.673132324219
2024-07-08,3916.58154296875,3953.901517117693,3901.7223251427313,3944.8289989078726,1758882.0,-0.007160628748912283,3924.937890625,3815.5404296875
2024-07-09,3909.02880859375,3930.067192002052,3898.828452837062,3908.5384022697513,1305801.0,0.000125470514429116,3918.680224609375,3821.7587768554686
2024-07-10,3834.144287109375,3926.487956523829,3827.1315713247377,3907.263929732112,2669716.0,-0.018713771052509945,3907.6755859375,3824.5565673828123
2024-07-11,3848.4150390625,3903.634846210444,3820.85434374667,3855.575020214386,4872189.0,-0.0018570462549287224,3888.598828125,3829.070764160156
2024-07-12,4103.67138671875,4119.364389532469,3895.101427523932,3903.634449912648,13509164.0,0.051243767666457135,3922.368212890625,3844.0673950195314
2024-07-15,4089.20458984375,4158.645938957586,4077.287332148136,4154.428635820325,4848030.0,-0.015699883592704033,3956.892822265625,3860.60146484375
2024-07-16,4098.27734375,4114.068046345619,4065.3707877010006,4091.95090976698,2029521.0,0.0015460679080776317,3994.742529296875,3878.4203979492186
2024-07-18,4232.74609375,4242.014965412821,4080.180868466435,4080.180868466435,5613364.0,0.03739177997295682,4074.462890625,3903.619921875
2024-07-19,4229.6494140625,4285.046672091509,4212.789504234044,4244.395774849738,3903354.0,-0.0034743133226683718,4150.709765625,3929.373254394531
2024-07-22,4214.85400390625,4246.902856695131,4192.881830781028,4227.24104271726,1896386.0,-0.002930289208927523,4172.9462890625,3953.2343627929686
2024-07-23,4229.6005859375,4287.947117977994,4194.159876371138,4210.577683912533,2365208.0,0.004517884113063265,4201.02548828125,3977.536083984375
2024-07-24,4233.4345703125,4265.729197669507,4195.929753955791,4215.00161862754,1809793.0,0.004373177842565635,4228.05693359375,4000.9677856445314
2024-07-25,4249.4091796875,4269.562537277689,4201.926095033671,4222.374187798222,2810342.0,0.006402793946449241,4231.38955078125,4024.3448974609373
2024-07-26,4313.65478515625,4347.669820651988,4263.71348771561,4276.444704766146,3552210.0,0.008701171875000017,4248.190625,4047.0944213867188
2024-07-29,4307.01904296875,4356.075176096543,4297.0897302455405,4340.345723869609,1746803.0,-0.007678347076727098,4266.6236328125,4070.9833862304686
2024-07-30,4291.53564453125,4323.633464079308,4254.128750489024,4316.850233367094,1797906.0,-0.005864134141178884,4279.01064453125,4090.4667114257813
2024-07-31,4311.19677734375,4339.36222911044,4271.52897269707,4276.444426060357,2330091.0,0.008126459231321879,4294.5630859375,4109.010693359375
2024-08-01,4322.748046875,4344.572371561555,4291.239703135842,4325.008963388223,2202244.0,-0.0005227541797858784,4309.230859375,4130.689721679688
2024-08-02,4210.62646484375,4323.632933737026,4197.797323114393,4291.190940373379,2811282.0,-0.018774386096792734,4288.6251953125,4144.031103515625
2024-08-05,4084.791259765625,4167.321924905007,4040.994756386419,4167.321924905007,2787771.0,-0.019804245178697916,4244.179638671875,4151.529443359375
2024-08-06,4100.66796875,4186.245819021757,4090.4434418269448,4100.422196084056,2203067.0,5.993838053524705e-05,4206.006103515625,4160.7337646484375
2024-08-07,4129.42333984375,4173.170874055229,4109.613679096742,4156.507295418715,1237666.0,-0.0065160370594843295,4169.651416015625,4171.753491210938
2024-08-08,4101.9951171875,4160.440054288972,4089.657520284056,4110.30242603549,2441283.0,-0.00202109431057175,4125.500830078125,4185.146032714843
2024-08-09,4157.24462890625,4181.723490337842,4134.43673358199,4145.693313650052,1302536.0,0.0027863410007113393,4114.824462890625,4200.587512207031
2024-08-12,4124.70458984375,4167.321669660878,4115.562037921638,4158.473852952468,936912.0,-0.008120590462470413,4122.80712890625,4201.639172363281
2024-08-13,4125.982421875,4162.40573779742,4112.26811554242,4141.760834515949,1495593.0,-0.0038095904788748645,4127.87001953125,4203.478063964843
2024-08-14,4222.62060546875,4233.385641348028,4117.33148860454,4137.829027045683,3226545.0,0.020491803278688513,4146.50947265625,4209.695227050781
2024-08-16,4341.37744140625,4352.14247645142,4251.965631333624,4276.444493463673,3457058.0,0.015183863146551672,4194.3859375,4215.126794433594
2024-08-19,4414.0771484375,4418.255283822992,4316.112258286147,4346.243891590688,2055210.0,0.015607328658674475,4245.75244140625,4224.348181152343
2024-08-20,4446.8134765625,4487.808546201428,4423.907657810827,4428.82311076395,2212298.0,0.004062109808546044,4310.17421875,4235.946154785156
2024-08-21,4474.53759765625,4482.893869122817,4416.584205298795,4441.60405717037,1896990.0,0.007414785303231499,4379.88525390625,4248.193005371094
2024-08-22,4425.87451171875,4483.827902854787,4421.155868176405,4482.893774641826,1829872.0,-0.012719298245614064,4420.53603515625,4257.815002441406
2024-08-23,4388.41845703125,4429.806671292171,4379.669045851447,4423.908127122674,1809253.0,-0.008022243923611219,4429.94423828125,4264.765466308594
2024-08-26,4426.31689453125,4475.1762140890105,4409.161769882674,4413.094132665178,1844164.0,0.002996256474159145,4432.3921875,4270.398571777344
2024-08-27,4421.1064453125,4433.739257383393,4410.931360102684,4428.823803661238,930697.0,-0.0017425300013873947,4427.25078125,4276.102941894531
2024-08-28,4429.85546875,4485.351128420017,4381.929799158663,4422.679098954422,1848058.0,0.0016226295498749032,4418.31435546875,4283.018933105469
2024-08-29,4435.5087890625,4478.961593547129,4384.584878669929,4384.584878669929,2133641.0,0.011614305983744336,4420.2412109375,4289.234533691406
2024-08-30,4476.74951171875,4514.598505669049,4411.914484617352,4423.908383801126,3637222.0,0.0119444444444444,4437.907421875,4296.934606933593
2024-09-02,4444.60205078125,4510.42016565307,4435.705271888983,4498.623077164004,1216500.0,-0.01200834687773165,4441.564453125,4308.633386230469
2024-09-03,4436.04931640625,4478.862723418696,4419.877282744973,4444.601917289093,1717263.0,-0.0019242670191843328,4444.55302734375,4326.1962890625
2024-09-04,4403.5087890625,4411.127741591436,4361.678473961914,4401.247872579934,1265505.0,0.0005136989662981502,4439.28369140625,4341.338330078125
2024-09-05,4400.26513671875,4422.925185992935,4378.833470829995,4405.229552886051,1688793.0,-0.0011269369978799296,4432.2349609375,4354.880419921875
2024-09-06,4381.38916015625,4442.537589281013,4364.922392122903,4398.29851098247,1649179.0,-0.0038445209628218784,4413.162890625,4368.850122070313
2024-09-09,4374.31103515625,4414.323018683421,4355.583349318389,4379.669071484804,1184938.0,-0.0012233883978675104,4399.1046875,4379.703442382813
2024-09-10,4431.62548828125,4463.182795615785,4365.365271401029,4367.33145279228,1385591.0,0.014721583691080493,4398.219921875,4395.049487304687
2024-09-11,4403.60791015625,4472.42426676839,4395.644778600455,4444.99612920937,1325919.0,-0.009311193497143055,4398.23974609375,4408.93076171875
2024-09-12,4441.30908203125,4455.957037570517,4356.369660869125,4433.984864249237,2742216.0,0.0016518364419931557,4406.44853515625,4419.865185546875
2024-09-13,4446.12646484375,4470.113783909694,4428.823971082729,4453.401240622589,1458786.0,-0.0016335325262141133,4419.39599609375,4425.10263671875
2024-09-16,4436.93408203125,4469.179264837861,4418.452168963395,4450.4515790961,1155120.0,-0.003037331566158928,4431.92060546875,4426.2454833984375
2024-09-17,4429.46240234375,4459.102490180248,4390.482953097841,4436.933987476228,1699364.0,-0.0016839522863237484,4431.48798828125,4425.3779296875
2024-09-18,4272.65966796875,4421.007962696659,4247.935032184893,4421.007962696659,2961779.0,-0.033555310458527596,4405.29833984375,4415.284033203125
2024-09-19,4223.5048828125,4347.4237496898,4209.397435703417,4315.817000652729,2927551.0,-0.021389256733144037,4361.7375,4405.165551757813
2024-09-20,4212.44482421875,4257.470661802116,4156.015519672725,4243.903723480614,5447908.0,-0.0074127268928859905,4315.001171875,4396.366870117187
2024-09-23,4196.32275390625,4236.531068498641,4181.084847689653,4227.290111701271,1702319.0,-0.007325581395348778,4266.87890625,4384.867163085937
2024-09-24,4199.07470703125,4218.441783949969,4168.3041631199885,4179.757072657581,3012026.0,0.004621712228214748,4220.8013671875,4373.765576171875
2024-09-25,4202.466796875,4217.065789174138,4168.304396455933,4180.445662106218,2713073.0,0.005267652434378736,4206.76279296875,4362.396142578125
2024-09-26,4219.9169921875,4243.805905107155,4187.96654320763,4187.96654320763,3964251.0,0.007629107981220579,4206.04521484375,4351.616552734375
2024-09-27,4235.84326171875,4303.971257963029,4227.339142801401,4261.698356160286,3012477.0,-0.006066852292387621,4210.72490234375,4339.571240234375
2024-09-30,4196.32275390625,4226.061248296706,4188.015445281488,4214.411527216484,2503416.0,-0.004292123157270497,4210.72490234375,4327.157275390625
2024-10-01,4215.39453125,4223.111889276909,4171.204892145493,4183.591450988956,1823365.0,0.007601860897178632,4213.9888671875,4316.124536132813
2024-10-03,4161.17724609375,4206.645191904827,4138.811932208301,4190.522600097852,3350119.0,-0.00700279101308668,4205.73095703125,4304.007958984375
2024-10-04,4180.34716796875,4225.323564684505,4152.62381995046,4153.557948067016,2965463.0,0.006449704142011884,4197.8169921875,4293.012060546875
2024-10-07,4200.60009765625,4224.587419894439,4157.884605537071,4201.632151103491,1472619.0,-0.00024563155700580406,4190.768359375,4283.972607421875
2024-10-08,4181.3310546875,4207.038783776306,4132.864868987183,4200.353958171027,1541867.0,-0.0045288810593025934,4187.77001953125,4274.3236083984375
2024-10-09,4181.0361328125,4222.374908180696,4174.891815425741,4187.9667308148455,1082504.0,-0.0016548837294600549,4180.89833984375,4261.794140625
2024-10-10,4155.91748046875,4221.244048728042,4127.604660650472,4181.330470770868,2378875.0,-0.006077728244577725,4179.84638671875,4249.409619140625
2024-10-11,4079.040283203125,4170.221949176848,4042.911698572028,4072.944928615996,5759183.0,0.001496547263456401,4159.585009765625,4231.296179199218
2024-10-14,4066.701904296875,4094.965760922086,4052.496532199221,4069.995354030325,2137590.0,-0.0008092023324273854,4132.80537109375,4212.324951171875
2024-10-15,4047.187744140625,4099.439400703778,4025.756558136523,4061.1967871084994,2759474.0,-0.0034494863711956657,4105.976708984375,4192.837634277344
2024-10-16,4025.707275390625,4045.41829222887,3998.4265080493487,4015.925570778842,2359151.0,0.0024357285610464943,4074.9109375,4172.649877929687
2024-10-17,4039.519775390625,4060.1157180197656,4023.741121305155,4043.255328123109,2522659.0,-0.0009238973127670355,4051.631396484375,4160.992883300782
2024-10-18,4063.220458984375,4085.985352412221,4020.795347611074,4030.6502381689447,2361000.0,0.008080636842909586,4048.467431640625,4152.978662109375
2024-10-21,4020.647705078125,4079.875694816127,4010.940541435238,4072.63225386454,1595450.0,-0.012764361117330586,4039.256591796875,4143.388806152344
2024-10-22,3957.231201171875,4030.453084242788,3948.214072783788,4006.998397202053,1928049.0,-0.012420068863748204,4021.265283203125,4131.434228515625
2024-10-23,4007.244873046875,4053.8583129067215,3937.176504942076,3941.562123718608,1966476.0,0.016664141593257385,4017.572802734375,4121.842736816407
2024-10-24,3989.1611328125,4019.809939302293,3945.8982586335824,3945.8982586335824,2676744.0,0.010964011574363056,4007.50107421875,4111.177453613282
2024-10-25,3998.671142578125,4032.62119222791,3974.18164344872,3998.1783980531695,1759676.0,0.0001232422558221517,3994.5912109375,4100.115161132812
2024-10-28,4031.488037109375,4074.011794017733,3992.216201636632,4009.905682230793,1532534.0,0.005382259980383205,3996.75927734375,4089.8973999023438
2024-10-29,4016.1142578125,4043.9543235221386,4001.184194918886,4036.415428516039,1445885.0,-0.005029504782911428,4008.535888671875,4080.8869750976564
2024-10-30,4025.3779296875,4047.40370716728,4001.1350423451786,4015.868056174012,1935002.0,0.0023680741947852166,4012.1625,4071.3861450195313
2024-10-31,3910.864013671875,4019.120083197284,3902.536679230978,4010.940475876283,3740372.0,-0.024950871947942332,3996.503076171875,4058.8704833984375
2024-11-01,3926.385498046875,3940.921461805209,3918.353858378895,3931.953655641869,154895.0,-0.0014161300164370562,3982.045947265625,4046.172399902344
2024-11-04,3906.62646484375,3933.9737869859614,3856.465166595041,3908.745410737845,2269192.0,-0.0005421038393224135,3957.0736328125,4031.4737182617187
2024-11-05,3913.72216796875,3928.159486802753,3883.911123193089,3883.911123193089,967590.0,0.007675521872177175,3936.59521484375,4018.0932739257814
2024-11-06,4079.57958984375,4089.5822073155855,3917.5652886357793,3945.503999033253,3792017.0,0.033981866662243634,3947.435546875,4013.0204467773438
2024-11-07,4090.66650390625,4144.769757867758,4025.772192696432,4109.193987227991,3724349.0,-0.004508787703702271,3983.396044921875,4009.7578979492187
2024-11-08,4086.823486328125,4109.243364387919,4057.899283668953,4094.707399492009,1648039.0,-0.0019253910950662485,4015.483642578125,4010.1470581054687
2024-11-11,4137.77294921875,4172.855973445886,4057.898775266831,4068.295973166591,1406487.0,0.017077660158063925,4061.712939453125,4013.7006103515623
2024-11-12,4136.4912109375,4156.792379489953,4103.92099370928,4154.821401595459,1587640.0,-0.004411787869129643,4106.266748046875,4018.1657836914064
2024-11-13,4090.124267578125,4135.850859823102,4071.104041624794,4117.47158666077,1098813.0,-0.006641774814243153,4108.37568359375,4021.3866333007813
2024-11-14,4085.73876953125,4099.63426074071,4056.7164070519016,4074.997035616066,1825432.0,0.002636010240326452,4107.39013671875,4023.6975830078127
2024-11-18,3961.17333984375,4151.865475994954,3932.298461805664,4151.865475994954,3313944.0,-0.04592926655589836,4082.260107421875,4018.5952270507814
2024-11-19,3980.9326171875,4072.188765211728,3955.851967238544,3961.56761164812,1776233.0,0.004888217856598355,4050.892041015625,4016.60947265625
2024-11-21,4013.749267578125,4033.064709051959,3965.6080301184593,3986.204655506895,2384347.0,0.006909984421692296,4026.34365234375,4019.4353759765627
2024-11-22,4183.0068359375,4193.206743644381,3995.172530447405,4011.9258439692617,3096553.0,0.042643109225313267,4044.920166015625,4028.2234741210937
2024-11-25,4252.48388671875,4265.295244341108,4190.496721846663,4217.89312489922,4052167.0,0.008200957396320036,4078.269189453125,4041.389611816406
2024-11-26,4289.53857421875,4303.236776393483,4247.45799740418,4258.347459420346,2060669.0,0.007324699333635294,4143.942236328125,4055.9329833984375
2024-11-27,4269.6806640625,4313.879947019853,4261.304006601975,4295.697961602462,1558993.0,-0.006056593776499224,4201.691845703125,4067.8426147460937
2024-11-28,4183.30224609375,4276.973266192127,4171.57502299117,4256.327078738215,2558544.0,-0.017156771858358552,4235.60244140625,4076.202014160156
2024-11-29,4208.8759765625,4236.32194265591,4134.767008032492,4158.76376247456,2017425.0,0.012049786174466856,4240.77626953125,4085.376916503906
2024-12-02,4214.59130859375,4225.973994918185,4168.667426338619,4208.037903180413,1670944.0,0.0015573541788641626,4233.19775390625,4100.56328125
2024-12-03,4240.31298828125,4262.240119532022,4203.554439381881,4251.744757442165,2010905.0,-0.0026887242327764274,4223.35263671875,4116.259655761719
2024-12-04,4291.21337890625,4323.291335871028,4226.81157391255,4250.956055389001,3302642.0,0.00947018105873236,4227.6591796875,4135.489001464844
2024-12-05,4399.2724609375,4423.860606665184,4296.732511708666,4336.940274844479,3746747.0,0.014372387476619364,4270.85322265625,4159.766516113281
2024-12-06,4380.99169921875,4400.208736252777,4348.7169318923725,4388.38286730876,1842087.0,-0.0016842578037277798,4305.2763671875,4174.837121582032
2024-12-09,4387.544921875,4404.544607771133,4351.47592686491,4366.160098479674,2066639.0,0.004897855990844718,4339.86708984375,4189.681042480469
2024-12-10,4368.2294921875,4428.590699209594,4348.076528927836,4361.922458223545,2087828.0,0.0014459298679334893,4365.450390625,4203.7513427734375
2024-12-11,4363.2041015625,4384.096182690506,4343.050656096367,4367.540157555417,1635256.0,-0.0009927913279551652,4379.84853515625,4215.022900390625
2024-12-12,4390.3046875,4419.918441323063,4361.774586688044,4365.765624909234,1914642.0,0.005620792479274681,4378.05498046875,4227.71357421875
2024-12-13,4408.97900390625,4429.6742722634,4330.632630839897,4370.594497266055,1967048.0,0.008782445194630908,4383.65244140625,4243.656311035156
2024-12-16,4351.13134765625,4410.063399035425,4333.195254873467,4394.295574591947,1646224.0,-0.00982278642913212,4376.3697265625,4256.925939941406
2024-12-17,4265.689453125,4368.623979293737,4255.341817856936,4346.006812586636,3225027.0,-0.01848072562358307,4355.86171875,4272.151745605469
2024-12-18,4284.7587890625,4298.703363293438,4227.354050201463,4249.133455090055,1575404.0,0.008384140989916331,4340.17265625,4287.343054199218
2024-12-19,4209.91064453125,4300.674283743088,4200.154399017653,4219.864180336366,3015763.0,-0.002358733688988727,4304.09384765625,4297.151123046875
2024-12-20,4109.78466796875,4318.412885998388,4092.2431558896183,4266.181967934054,4116989.0,-0.03665978177696939,4244.25498046875,4293.490014648438
2024-12-23,4097.958984375,4155.807384938678,4055.188855215461,4139.103152817303,2195338.0,-0.009940358315133666,4193.6205078125,4285.76376953125
2024-12-24,4118.8515625,4156.792891643738,4097.959001765894,4097.959001765894,1181886.0,0.0050982844691962815,4164.2529296875,4277.229418945312
2024-12-26,4108.6025390625,4139.004972823218,4083.028905459881,4118.851529054263,1208464.0,-0.0024883125598159266,4129.0216796875,4269.175512695312
2024-12-27,4104.4140625,4120.280532043556,4087.069359418768,4102.59081156437,858100.0,0.00044441452227966257,4107.92236328125,4265.231103515625
2024-12-30,4098.45166015625,4138.363966598421,4052.330965190293,4090.765038060532,1527169.0,0.0018790182335581946,4105.65576171875,4259.709887695312
2024-12-31,4035.380859375,4079.875837090253,3973.541417666912,4074.997473513026,1555429.0,-0.009721874527660174,4093.14013671875,4250.749365234375
2025-01-01,4052.774658203125,4074.011754867852,4026.166213110429,4034.9862920363385,763161.0,0.004408531994741742,4079.924755859375,4241.372448730469
2025-01-02,4115.15625,4122.301046219242,4037.499898743688,4060.215230796863,1720835.0,0.013531553398058182,4081.235498046875,4232.569592285156
2025-01-03,4040.406494140625,4119.295181980029,4032.91692165582,4119.295181980029,1791953.0,-0.01915101597586522,4068.433984375,4214.626293945313
2025-01-06,4035.57763671875,4089.434516754721,4007.392553810439,4045.925271684696,2085593.0,-0.0025575447570333368,4055.8591796875,4197.3555908203125
2025-01-07,3969.845703125,4080.269802492842,3953.338761059777,4055.2384761375806,2669054.0,-0.021057398600615253,4042.7521484375,4176.470629882812
2025-01-08,4048.783447265625,4066.128152200564,3959.4489538303,3976.349996178194,2181277.0,0.01821606527520194,4041.95390625,4160.498327636718
2025-01-09,3980.242919921875,4077.707699888111,3966.889493919747,4041.490973896717,2392472.0,-0.015154816470068253,4014.971240234375,4141.350268554687
2025-01-10,4203.75146484375,4234.646644233189,4109.4895290789855,4139.054201950057,7894300.0,0.015630929129464316,4047.640234375,4132.022607421875
2025-01-13,4228.83203125,4260.219952785728,4166.056188178543,4183.400891174992,4003771.0,0.0108598581051237,4086.29111328125,4123.0152587890625
2025-01-14,4171.62451171875,4251.301403019245,4157.827664089084,4239.5741787732,3441709.0,-0.016027474503138166,4126.646875,4114.0399169921875
2025-01-15,4187.9345703125,4194.685266878148,4146.396301039106,4156.793018552642,1653474.0,0.007491725380808396,4154.477099609375,4110.152172851563
2025-01-16,4145.26220703125,4231.689785201745,4131.022179634115,4198.183159049705,2637705.0,-0.012605679650821636,4187.48095703125,4103.17734375
2025-01-17,4074.13818359375,4109.996975792013,4050.183123188137,4109.305296575243,1761466.0,-0.008557921702921883,4161.55830078125,4096.388720703125
2025-01-20,4028.2041015625,4095.3768153243486,4018.62212534306,4095.3768153243486,1287799.0,-0.016402083810822334,4121.43271484375,4092.3096923828125
2025-01-21,3986.764404296875,4061.000302162467,3980.9854579700177,4045.491300349546,1971591.0,-0.014516628931471575,4084.460693359375,4086.749963378906
2025-01-22,4106.0458984375,4112.516041833744,3995.0128065804856,4000.74231294192,2409223.0,0.02632101176697527,4068.082958984375,4086.1096801757812
2025-01-23,4095.031494140625,4140.373142651605,4089.6967853278056,4117.307038660843,1822998.0,-0.005410221854006655,4058.03681640625,4085.4311279296876
2025-01-24,4101.84716796875,4127.185103550523,4054.085128044842,4054.085128044842,1910099.0,0.011781212879203215,4063.57861328125,4085.302783203125
2025-01-27,4015.707763671875,4105.7987421505895,3991.901023160227,4052.109674254546,1551782.0,-0.008983446527608548,4061.079345703125,4081.1655883789062
2025-01-28,3991.16015625,4052.1096856868494,3979.306105487386,4021.2892019383103,2468272.0,-0.007492384699361514,4061.95849609375,4078.954553222656
2025-01-29,4049.936279296875,4057.888661146309,4004.693511497203,4004.693511497203,1217089.0,0.011297435788727184,4050.736572265625,4078.812634277344
2025-01-30,4050.18310546875,4079.6701524518658,4009.1386486944825,4050.035026306533,1531251.0,3.656243989378899e-05,4041.76689453125,4075.5639770507814
2025-01-31,4062.383056640625,4078.238138772401,4035.563363544183,4060.012342981848,1492943.0,0.0005839178451944477,4033.874072265625,4076.662805175781
2025-02-01,4023.610595703125,4085.597404667629,4006.669277450664,4062.9760202550738,437172.0,-0.009688815379589023,4035.454638671875,4076.064453125
2025-02-03,4019.1650390625,4027.413578843086,3950.06585260456,3981.8741725917303,1265713.0,0.009365154410818007,4041.055615234375,4078.530419921875
2025-02-04,4057.097900390625,4068.75467255172,4016.596803173896,4034.032038962661,2547132.0,0.005717818104859537,4042.487939453125,4078.946142578125
2025-02-05,4041.34228515625,4099.525820208286,4026.425841727464,4099.525820208286,1693912.0,-0.014192747552710815,4040.719775390625,4082.001110839844
2025-02-06,4033.09375,4089.153530861552,4002.2732667297546,4055.468173998699,2284536.0,-0.005517100132150177,4034.8619140625,4073.468225097656
2025-02-07,3980.392333984375,4040.255383072488,3959.252707910644,4040.255383072488,1548940.0,-0.014816649793704086,4026.21826171875,4061.046240234375
2025-02-10,3987.850830078125,4002.7178337412574,3965.525845698329,3990.8637829009576,1339511.0,-0.0007549625812190754,4019.955419921875,4051.857556152344
2025-02-11,3915.34375,3990.863885944065,3906.8976903239545,3969.5264974120864,1810908.0,-0.013649675206201698,3991.60458984375,4038.2280151367186
2025-02-12,3902.1064453125,3972.83571115218,3892.228069702002,3922.801835153518,1678002.0,-0.005275665381707461,3963.757421875,4026.0702270507813
2025-02-13,3862.593017578125,3935.989398017966,3854.789197163407,3919.739518058658,2277310.0,-0.014579157675466227,3929.657275390625,4015.49296875
2025-02-14,3886.99267578125,3899.982643080853,3852.5664407333657,3877.262379456016,1681975.0,0.002509579020700501,3910.97734375,4008.4323974609374
2025-02-17,3857.011474609375,3886.152680525876,3809.2988756711575,3809.595275152018,1799806.0,0.01244651886425516,3884.80947265625,4001.9447509765623
2025-02-18,3826.09228515625,3876.669518619195,3817.498146852113,3850.985742757336,2149879.0,-0.006464178073861726,3866.9591796875,3987.9470703125
2025-02-19,3738.076171875,3827.82106864859,3722.319970005145,3825.104515384308,4366672.0,-0.022751886428014154,3834.153125,3970.0993041992188
2025-02-20,3733.43310546875,3741.928604788681,3705.675015273267,3715.7509099558138,2888572.0,0.004758713902366104,3808.321142578125,3951.678601074219
2025-02-21,3739.953125,3770.5760903658215,3729.086911483096,3730.173629303301,1833931.0,0.0026217266724191716,3778.913232421875,3937.890869140625
2025-02-24,3630.89599609375,3717.430425557689,3625.364009039234,3697.624233350342,2508516.0,-0.018046246196339648,3733.69013671875,3919.8776611328126
2025-02-25,3585.40576171875,3613.5096912637337,3577.2066619706934,3580.911052714881,4101954.0,0.0012551858836206968,3685.55283203125,3896.6511352539064
2025-02-27,3568.612548828125,3593.752965954935,3556.9065775254853,3567.772790451682,3823856.0,0.00023537327788656655,3651.660107421875,3872.572607421875
2025-02-28,3440.88525390625,3556.215291484246,3414.954517405844,3541.348287656423,7085018.0,-0.028368583259755286,3593.150537109375,3841.4977172851563
2025-03-03,3450.56591796875,3480.398563015721,3433.871319078812,3442.6137776512555,4990439.0,0.0023099135805236524,3535.273095703125,3812.8454833984374
2025-03-04,3489.091796875,3507.811270911589,3422.1658003657744,3431.747776723982,2797737.0,0.01670985861488916,3506.912255859375,3786.3418212890624
2025-03-05,3503.9091796875,3556.5609685813047,3478.0278844831014,3478.0278844831014,2501894.0,0.0074413708181770505,3490.612939453125,3758.6823852539064
2025-03-06,3557.7958984375,3565.5502786807147,3493.092537423237,3513.7382462249243,2786513.0,0.012538683625597378,3488.449609375,3734.5050659179688
2025-03-07,3567.27880859375,3580.9110146215976,3530.926339576579,3556.2150765897245,2051315.0,0.003111097547743146,3513.7283203125,3711.214318847656
2025-03-10,3545.990966796875,3578.0464882486435,3539.026905002649,3562.6361259918417,1004626.0,-0.004672146861569445,3532.813330078125,3689.494250488281
2025-03-11,3531.815673828125,3545.1020407658093,3494.623445019518,3514.7260358188087,1995450.0,0.0048622959044758215,3541.35810546875,3666.692492675781
2025-03-12,3463.555908203125,3525.8391128612507,3444.4413966520915,3521.640803348143,3174167.0,-0.01649370233608002,3533.287451171875,3644.1031005859377
2025-03-13,3468.346923828125,3481.435770783201,3441.724751274507,3459.703345650245,1693004.0,0.0024983581869085078,3515.39765625,3622.4151245117187
2025-03-17,3455.1591796875,3487.510857851561,3435.056831240988,3446.565041661376,2690906.0,0.0024935371659143557,3492.97373046875,3602.0434326171876
2025-03-18,3455.1591796875,3455.1591796875,3455.1591796875,3455.1591796875,0.0,0.0,3474.807373046875,3580.4517578125
2025-03-19,3454.56689453125,3503.859893262568,3420.634577218764,3503.859893262568,3051244.0,-0.01406819913835646,3459.3576171875,3560.3295288085938
2025-03-20,3519.813232421875,3535.4211137803227,3469.285438744659,3469.285438744659,2845192.0,0.014564322990817112,3470.60908203125,3545.015576171875
2025-03-21,3534.58154296875,3572.267448060842,3422.857022476548,3432.735397721791,4161925.0,0.029669092850719447,3483.856005859375,3534.8408447265624
2025-03-24,3584.81298828125,3605.360057323045,3523.2214624383355,3556.215139766549,1834751.0,0.008041653103298598,3509.786767578125,3527.4098388671873
2025-03-25,3613.262939453125,3664.877453453925,3593.753147079617,3600.6680101993416,3135390.0,0.003497942386831204,3541.40751953125,3521.075329589844
2025-03-26,3591.579833984375,3635.736124498959,3581.7508985374016,3603.3844445431537,1734499.0,-0.003275978664073768,3568.810107421875,3519.109521484375
2025-03-27,3606.79248046875,3618.449012006768,3566.5875396807087,3570.884729570523,2528474.0,0.01005570149069066,3586.20595703125,3520.178857421875
2025-03-28,3562.290283203125,3616.42382915822,3548.2135981206075,3606.5948937734543,2051919.0,-0.012284332417488367,3591.747705078125,3519.862744140625
2025-04-01,3507.613525390625,3540.4096829245336,3482.127269059425,3529.2470706788267,2618493.0,-0.006129790534625468,3576.3078125,3523.1991577148438
2025-04-02,3500.8466796875,3520.751750127819,3487.11583482836,3500.8961197970325,1764313.0,-1.412212983210818e-05,3553.824560546875,3525.7131958007812
2025-04-03,3361.75927734375,3459.407116080848,3354.8444144618065,3448.5409029806515,4537821.0,-0.025164737226081375,3507.86044921875,3519.346569824219
2025-04-04,3259.27099609375,3358.301706837936,3255.418526258992,3321.702519893932,5317367.0,-0.018795037612873104,3438.35615234375,3507.1146606445313
2025-04-07,3234.2294921875,3251.368328518194,3018.8809120553065,3062.296322980731,6623955.0,0.05614517704133064,3372.743994140625,3490.9363403320312
2025-04-08,3252.899658203125,3308.2680019006634,3215.70767038631,3261.889076504213,5557558.0,-0.002755893315269291,3321.801220703125,3475.2173828125
2025-04-09,3207.11328125,3230.2285819736,3172.9834478453536,3220.893565957195,2990265.0,-0.004278404245593119,3263.054541015625,3458.2734985351562
2025-04-11,3192.197021484375,3258.8266155521846,3167.0071641277755,3249.541039112772,7108961.0,-0.01764680517592534,3229.14208984375,3441.2925659179687
2025-04-15,3208.69384765625,3274.08864453866,3199.2107519795586,3274.08864453866,3512160.0,-0.019973435047793135,3219.02666015625,3428.549462890625
2025-04-16,3233.982666015625,3238.230415776077,3189.727494903794,3208.6939279027843,2384391.0,0.007881318281226521,3218.977294921875,3416.83125
2025-04-17,3258.777099609375,3263.420128892314,3178.861140676779,3206.026672488032,2932346.0,0.01645352098097363,3220.152783203125,3407.0121459960938
2025-04-21,3281.201416015625,3313.207257273907,3244.1575066096107,3250.084532114573,2432946.0,0.009574176792505365,3234.97041015625,3398.3142578125
2025-04-22,3274.088623046875,3293.3514549412,3254.924671374364,3282.18908375484,2710498.0,-0.002468005499152389,3251.34873046875,3389.2903442382812
2025-04-23,3371.48974609375,3379.2935667052634,3296.7104876244343,3324.0735410505326,3543923.0,0.014264487369985217,3283.90791015625,3381.874169921875
2025-04-24,3360.228271484375,3370.9956041985065,3346.497184979893,3359.734352714529,2252175.0,0.00014701125684146374,3309.15703125,3373.1565063476564
2025-04-25,3406.06396484375,3435.5015728669696,3363.5869490408845,3378.404512693047,2742991.0,0.008187134502923929,3338.614404296875,3364.2190551757812
2025-04-28,3401.61865234375,3415.744777746153,3363.586906121815,3393.222033047998,1593296.0,0.0024745269286753713,3362.6978515625,3353.6368408203125
2025-04-29,3430.265869140625,3452.492213865078,3388.6778120988047,3412.9787121327167,1578332.0,0.005065123010130289,3393.93330078125,3345.571142578125
2025-04-30,3411.694580078125,3467.2110034862103,3325.061273098265,3429.772055911222,2809332.0,-0.00527075139058895,3401.974267578125,3335.8162475585937
2025-05-02,3389.2705078125,3449.034677361511,3378.404295167225,3429.7718458539784,1721761.0,-0.011808755760368668,3407.78271484375,3327.1652587890626
2025-05-05,3412.287109375,3461.87650342117,3404.4830484567965,3408.0393599095555,1284443.0,0.0012463909646739568,3409.02734375,3322.3989379882814
2025-05-06,3417.91796875,3430.759857071893,3395.1977047958817,3417.91796875,1324763.0,0.0,3412.28720703125,3318.2525024414062
2025-05-07,3403.19921875,3417.4239829127787,3378.997198925932,3378.997198925932,1477128.0,0.007162485909062302,3406.873876953125,3320.324499511719
2025-05-08,3406.952880859375,3434.7112128994936,3386.998610284149,3406.063923519544,2543591.0,0.00026099255909220286,3405.925537109375,3327.70859375
2025-05-09,3398.457763671875,3404.2859090779284,3356.7710649388723,3357.660022315629,2531757.0,0.012150646904420602,3407.76298828125,3335.9200073242187
2025-05-12,3576.366943359375,3586.344199009816,3459.604594038759,3462.370587392757,2228678.0,0.03292436586126959,3440.578955078125,3352.093371582031
2025-05-13,3472.2490234375,3578.935479918652,3467.803754417452,3576.3670057941126,3062887.0,-0.029112779026293976,3451.445166015625,3365.3501586914062
2025-05-14,3505.5390625,3517.689512589028,3465.9269214811093,3478.176010622288,2119499.0,0.007867069347309035,3471.913134765625,3381.0172607421873
2025-05-15,3536.359619140625,3556.21525075921,3471.360099994329,3520.653098251618,3548330.0,0.004461252060535906,3497.794482421875,3397.4005493164063
2025-05-16,3517.98583984375,3550.1891985825587,3502.970757638989,3550.1891985825587,1666727.0,-0.009070885222586481,3521.70009765625,3411.6007080078125
2025-05-19,3476.0029296875,3506.8234139931265,3461.086485739748,3506.8234139931265,2537377.0,-0.008788718639964818,3501.627294921875,3422.4619995117187
2025-05-20,3455.752197265625,3514.726051583229,3451.5044475075333,3488.8447556489973,2038374.0,-0.009485248184170467,3498.3279296875,3431.1895385742187
2025-05-21,3482.917724609375,3493.9814570703943,3455.752191652226,3465.334167770128,1440153.0,0.005074130224665132,3493.803662109375,3441.630993652344
2025-05-22,3434.711181640625,3455.2582510362627,3409.323804689904,3452.492257645667,2034383.0,-0.005150214592274659,3473.473974609375,3444.7920654296877
2025-05-23,3471.853759765625,3492.005548214681,3423.44972246364,3434.710973449065,1274331.0,0.010813948132369917,3464.24755859375,3450.37333984375
2025-05-26,3494.27783203125,3501.884132971573,3467.408698765696,3478.176031648211,967470.0,0.004629380524886449,3467.9025390625,3454.784033203125
2025-05-27,3456.147216796875,3496.944956186642,3440.7370955910237,3489.042255720683,2467680.0,-0.009428099894712601,3467.98154296875,3457.510461425781
2025-05-28,3455.1591796875,3486.0785417090847,3450.5163916661472,3477.1880041983504,1222933.0,-0.006335241144353674,3462.429833984375,3458.755126953125
2025-05-29,3455.5546875,3489.536203315723,3444.0956752612224,3462.0742707354857,3188072.0,-0.001883143666383758,3466.59853515625,3460.948132324219
2025-05-30,3421.2763671875,3464.049779998847,3411.10183367777,3447.5529416641066,3404365.0,-0.007621804486031501,3456.483056640625,3462.5484252929687
2025-06-02,3407.842041015625,3417.91793582919,3377.0215575741954,3408.039560292111,1877585.0,-5.7956861413101886e-05,3439.1958984375,3462.326171875
2025-06-03,3363.784423828125,3431.2537776661225,3359.1416355127826,3404.088244663152,2848125.0,-0.011839828446931287,3420.72333984375,3459.619494628906
2025-06-04,3369.465087890625,3383.3182215676084,3358.6020509863906,3377.5377895527827,2544807.0,-0.002390114386618475,3403.584521484375,3457.9327880859373
2025-06-05,3359.6982421875,3397.4699581243544,3352.3231247435624,3397.4699581243544,3584683.0,-0.011117601156864125,3384.413232421875,3455.5700561523436
2025-06-06,3372.75390625,3379.4311968394054,3347.340152378988,3359.6983590738278,2070390.0,0.0038859283723825964,3374.708740234375,3454.28486328125
2025-06-09,3410.326416015625,3422.3855889461997,3379.431263640164,3388.500583115049,1718678.0,0.006441147748161725,3375.205615234375,3445.9828369140623
2025-06-10,3451.187744140625,3474.010438158552,3411.622065434572,3428.365293437595,2419874.0,0.00665694835574131,3392.686279296875,3444.9297729492187
2025-06-11,3460.1572265625,3477.1994881899896,3437.434535479036,3458.2637500771752,2847013.0,0.0005475222892650971,3410.82470703125,3442.660681152344
2025-06-12,3422.584716796875,3462.947736714505,3411.6219212636915,3460.1571582794445,4060134.0,-0.01085859392041381,3423.402001953125,3436.9719360351564
2025-06-13,3434.0458984375,3438.8297125316194,3381.723464034396,3381.723464034396,2178493.0,0.015472120934656042,3435.660400390625,3432.774938964844
2025-06-16,3484.474853515625,3497.131850878911,3414.6118485958773,3428.365222862198,1934088.0,0.016366293263989907,3450.490087890625,3433.19853515625
2025-06-17,3503.41064453125,3508.094699586469,3476.302688697425,3498.128521462644,2111940.0,0.0015099854211180607,3460.93466796875,3435.5814575195313
2025-06-18,3439.7265625,3526.033760927228,3431.4548294482115,3507.19778191584,2696327.0,-0.01923792828671992,3456.84853515625,3433.4218994140624
2025-06-19,3412.41943359375,3439.3281148750093,3401.4566375162,3438.331497049777,2672768.0,-0.0075362318840579475,3454.815478515625,3432.3073120117188
2025-06-20,3424.07958984375,3434.643835427168,3399.3634207293467,3413.415828473248,2351248.0,0.003124073334854049,3452.822216796875,3429.918603515625
2025-06-23,3382.122314453125,3413.416016519491,3358.6020366921707,3403.4498383690693,3123421.0,-0.0062664428532210855,3432.351708984375,3424.310827636719
2025-06-24,3378.932861328125,3430.4581957754644,3370.561369209563,3422.983562342859,3403048.0,-0.012869095107364014,3407.45615234375,3420.4501098632813
2025-06-25,3433.14892578125,3438.331289496645,3388.5004012430704,3395.775759591069,1757699.0,0.011005781546270804,3406.140625,3419.3495971679686
2025-06-26,3430.1591796875,3439.7265645422617,3403.748808087712,3433.149033076155,2879106.0,-0.0008708778325233116,3409.68857421875,3418.0798217773436
2025-06-27,3429.461669921875,3454.675906058565,3419.395732636828,3443.3145602623845,1778433.0,-0.004023126582850992,3410.764990234375,3418.4890869140627
2025-06-30,3450.290771484375,3453.180865734764,3418.399002366091,3428.2654211111044,1468351.0,0.006424633938095777,3424.398681640625,3420.6115234375
2025-07-01,3418.10009765625,3473.213111911396,3401.9549375924103,3443.3145772321013,2375183.0,-0.007322734827243091,3432.23212890625,3423.3273071289063
2025-07-02,3411.7216796875,3478.0962775498906,3408.4327923652227,3475.4054582188955,3090585.0,-0.018324129169099233,3427.9466796875,3425.44013671875
2025-07-03,3389.2978515625,3423.6811655474544,3386.108723276149,3418.3990425621496,2531870.0,-0.008513105297922662,3419.7744140625,3426.9201171875
2025-07-04,3408.233642578125,3415.409242162467,3378.6341422209043,3396.473503732036,1109320.0,0.0034624556420554766,3415.52880859375,3428.6941040039064
2025-07-07,3400.160888671875,3414.5123309346973,3396.8720012794643,3406.738663456697,1639174.0,-0.0019308128490688821,3405.50283203125,3428.185827636719
2025-07-08,3394.679443359375,3413.415906340367,3381.922687075622,3393.483550682905,2325242.0,0.00035240856736417796,3400.818701171875,3425.3604125976562
2025-07-09,3372.355224609375,3402.4530322953497,3355.611997580095,3398.4665612557537,2034938.0,-0.0076832701383798335,3392.94541015625,3420.9703125
2025-07-10,3370.561279296875,3387.5037812921582,3344.6492174217365,3368.5680437680185,3035012.0,0.0005917159763312763,3389.198095703125,3418.369140625
2025-07-11,3254.95361328125,3323.7202389139525,3250.070283569519,3288.738858113972,7635550.0,-0.010273009287243107,3358.54208984375,3409.4145263671876
2025-07-14,3211.800048828125,3260.933353706794,3189.1768740408747,3254.953647067968,3924009.0,-0.01325782266629681,3320.869921875,3395.7807861328124
2025-07-15,3241.300048828125,3248.375889064686,3195.156597032704,3195.156597032704,2590889.0,0.014441687095484943,3290.19404296875,3382.675256347656
2025-07-16,3233.10009765625,3244.89990234375,3220.60009765625,3227.0,2540733.0,0.0018903308510226217,3262.343017578125,3372.3439331054688
2025-07-17,3209.199951171875,3242.0,3204.10009765625,3224.10009765625,2947640.0,-0.004621490038478215,3230.070751953125,3362.182958984375
2025-07-18,3189.89990234375,3228.800048828125,3187.0,3225.0,3432645.0,-0.01088375121124031,3217.060009765625,3350.473974609375
2025-07-21,3158.199951171875,3197.60009765625,3152.0,3190.0,3844346.0,-0.009968667344239813,3206.339990234375,3339.2778564453124
2025-07-22,3159.60009765625,3180.10009765625,3154.60009765625,3159.60009765625,3198036.0,0.0,3190.0,3328.3112182617188
2025-07-23,3179.10009765625,3182.0,3157.60009765625,3159.60009765625,1922875.0,0.0061716671089056,3179.2,3315.608776855469
2025-07-24,3148.0,3173.699951171875,3140.0,3165.10009765625,2934778.0,-0.00540270358871512,3166.960009765625,3301.5008178710937
2025-07-25,3135.800048828125,3156.89990234375,3125.60009765625,3140.0,2568917.0,-0.0013375640674761146,3156.1400390625,3286.817736816406
2025-07-28,3079.300048828125,3118.0,3069.89990234375,3110.0,3374473.0,-0.009871366936294212,3140.36005859375,3268.268200683594
2025-07-29,3056.0,3074.0,3041.199951171875,3060.0,4785312.0,-0.00130718954248366,3119.6400390625,3250.163195800781
2025-07-30,3053.60009765625,3069.0,3047.199951171875,3060.0,2880121.0,-0.0020914713541666666,3094.5400390625,3232.257116699219
2025-07-31,3036.800048828125,3059.800048828125,3015.0,3041.699951171875,2968371.0,-0.0016109091700061394,3072.300048828125,3214.6322265625
2025-08-01,3003.0,3036.800048828125,3000.0,3029.89990234375,2053847.0,-0.008878148853347215,3045.7400390625,3194.3705444335938
2025-08-04,3074.39990234375,3079.39990234375,2991.60009765625,3009.10009765625,2519252.0,0.021700775171407956,3044.760009765625,3178.0824951171876
2025-08-05,3063.89990234375,3077.5,3042.0,3074.39990234375,1927996.0,-0.0034153006549328176,3046.339990234375,3161.5435180664062
2025-08-06,3032.300048828125,3066.800048828125,3026.0,3063.0,1487081.0,-0.010022837470412993,3042.07998046875,3144.5407592773436
2025-08-07,3047.0,3051.60009765625,3010.89990234375,3016.0,2543076.0,0.010278514588859417,3044.119970703125,3128.3626953125
2025-08-08,3036.39990234375,3059.800048828125,3025.0,3048.10009765625,2762140.0,-0.0038385206973670363,3050.799951171875,3117.435009765625
2025-08-11,3040.800048828125,3049.89990234375,3021.300048828125,3036.39990234375,1884215.0,0.0014491327314885615,3044.07998046875,3108.885009765625
2025-08-12,3035.39990234375,3096.39990234375,3026.89990234375,3041.0,3358232.0,-0.0018415316199440973,3038.37998046875,3098.5900024414063
2025-08-13,3036.199951171875,3044.39990234375,3028.60009765625,3036.10009765625,2148166.0,3.2888742931131614e-05,3039.1599609375,3088.7449951171875
2025-08-14,3022.300048828125,3055.89990234375,3019.10009765625,3034.0,3342174.0,-0.0038562792260629533,3034.219970703125,3079.4
2025-08-18,3011.199951171875,3049.0,3003.39990234375,3046.5,2945609.0,-0.011587083153824061,3029.17998046875,3070.4650024414063
2025-08-19,3016.199951171875,3025.0,3011.10009765625,3011.199951171875,2650784.0,0.0016604676145980076,3024.2599609375,3063.3650024414064
2025-08-20,3098.60009765625,3103.39990234375,3010.89990234375,3010.89990234375,4952358.0,0.029127569217506123,3036.9,3060.3150024414062
2025-08-21,3102.60009765625,3130.0,3083.10009765625,3130.0,3230726.0,-0.00875396241014377,3050.180029296875,3056.4900024414064
2025-08-22,3054.0,3095.699951171875,3050.0,3086.0,1593791.0,-0.010369410239792612,3056.52001953125,3051.790002441406
2025-08-25,3140.60009765625,3152.0,3077.10009765625,3087.300048828125,3448370.0,0.01726429177117287,3082.400048828125,3052.0300048828126
2025-08-26,3157.199951171875,3162.0,3120.0,3129.0,5522097.0,0.009012448440995526,3110.600048828125,3055.925
2025-08-27,3157.199951171875,3157.199951171875,3157.199951171875,3157.199951171875,0.0,0.0,3122.32001953125,3060.984997558594
2025-08-28,3093.699951171875,3146.5,3086.5,3145.0,3116051.0,-0.01631162124900636,3120.539990234375,3062.989990234375
2025-08-29,3084.699951171875,3115.0,3077.199951171875,3093.0,2271789.0,-0.002683494609804397,3126.67998046875,3065.3849853515626
2025-09-01,3112.60009765625,3131.10009765625,3090.0,3090.0,1246862.0,0.007313947461569579,3121.07998046875,3070.864990234375
2025-09-02,3111.5,3155.0,3103.10009765625,3121.10009765625,2185229.0,-0.003075869839438687,3111.939990234375,3072.7199951171874
2025-09-03,3097.5,3141.89990234375,3088.0,3129.89990234375,1799774.0,-0.010351737549014943,3100.0,3074.4
2025-09-04,3095.699951171875,3118.0,3090.800048828125,3116.0,1481391.0,-0.006514778186176187,3100.4,3077.5699951171873
2025-09-05,3048.300048828125,3103.39990234375,3028.60009765625,3097.10009765625,2802055.0,-0.015756690868678976,3093.12001953125,3077.6349975585936
2025-09-08,3019.0,3064.89990234375,3016.0,3050.0,2626187.0,-0.010163934426229508,3074.4,3076.765002441406
2025-09-09,3049.39990234375,3060.0,3030.800048828125,3032.10009765625,2489301.0,0.005705551970686056,3061.97998046875,3077.1949951171873
2025-09-10,3110.0,3122.699951171875,3053.39990234375,3056.39990234375,2079428.0,0.01753700411230469,3064.47998046875,3080.925
2025-09-11,3124.199951171875,3139.0,3110.10009765625,3139.0,2263446.0,-0.0047148929047865565,3070.17998046875,3085.325
2025-09-12,3133.39990234375,3148.699951171875,3121.0,3144.0,1447167.0,-0.00337153233341285,3087.199951171875,3090.879992675781
2025-09-15,3111.89990234375,3134.0,3096.0,3134.0,1732539.0,-0.007051722289805361,3105.779931640625,3095.914990234375
2025-09-16,3145.699951171875,3150.0,3109.10009765625,3128.0,2573429.0,0.005658552164921675,3125.03994140625,3102.389990234375
2025-09-17,3172.800048828125,3182.39990234375,3142.39990234375,3152.0,2418271.0,0.006599000262730013,3137.599951171875,3106.099987792969
2025-09-18,3176.699951171875,3203.0,3161.39990234375,3185.0,2633138.0,-0.0026059807937598117,3148.099951171875,3109.80498046875
2025-09-19,3169.199951171875,3180.5,3144.0,3170.0,4901694.0,-0.0002523813337933754,3155.2599609375,3115.564978027344
2025-09-22,3073.800048828125,3106.89990234375,3065.0,3095.0,3634901.0,-0.006849741897213247,3147.639990234375,3112.2249755859375
2025-09-23,3062.39990234375,3080.699951171875,3052.0,3070.0,3177741.0,-0.00247560184242671,3130.97998046875,3107.484973144531
2025-09-24,3035.39990234375,3057.0,3033.0,3050.0,1625714.0,-0.0047869172643442625,3103.499951171875,3101.394970703125
2025-09-25,2957.39990234375,3029.60009765625,2951.0,3022.0,4974361.0,-0.021376604121856387,3059.63994140625,3094.579968261719
2025-09-26,2899.10009765625,2954.800048828125,2891.300048828125,2941.0,3934636.0,-0.01424682160617137,3005.619970703125,3085.2999755859373
